,id,,scores,NumTexts,help,office,dance,money,wedding,domestic_work,sleep,medical_emergency,cold,hate,cheerfulness,aggression,occupation,envy,anticipation,family,vacation,crime,attractive,masculine,prison,health,pride,dispute,nervousness,government,weakness,horror,swearing_terms,leisure,suffering,royalty,wealthy,tourism,furniture,school,magic,beach,journalism,morning,banking,social_media,exercise,night,kill,blue_collar_job,art,ridicule,play,computer,college,optimism,stealing,real_estate,home,divine,sexual,fear,irritability,superhero,business,driving,pet,childish,cooking,exasperation,religion,hipster,internet,surprise,reading,worship,leader,independence,movement,body,noise,eating,medieval,zest,confusion,water,sports,death,healing,legend,heroic,celebration,restaurant,violence,programming,dominant_heirarchical,military,neglect,swimming,exotic,love,hiking,communication,hearing,order,sympathy,hygiene,weather,anonymity,trust,ancient,deception,fabric,air_travel,fight,dominant_personality,music,vehicle,politeness,toy,farming,meeting,war,speaking,listen,urban,shopping,disgust,fire,tool,phone,gain,sound,injury,sailing,rage,science,work,appearance,valuable,warmth,youth,sadness,fun,emotional,joy,affection,traveling,fashion,ugliness,lust,shame,torment,economics,anger,politics,ship,clothing,car,strength,technology,breaking,shape_and_size,power,white_collar_job,animal,party,terrorism,smell,disappointment,poor,plant,pain,beauty,timidity,philosophy,negotiate,negative_emotion,cleaning,messaging,competing,law,friends,payment,achievement,alcohol,liquid,feminine,weapon,children,monster,ocean,giving,contentment,writing,rural,positive_emotion,musical
0,e122,0,7,2,0,0,0,0,0,0,0,0,0,0,0,0,0,0,0,0,0,0,0,0,0,0,0,0,0,0,0,0,0,0,0,0,0,0,0,0,0,0,0,0,0,0,0,0,0,0,0,0,0,0,0,0,0,0,0,0,0,0,0,0,0,0,0,0,0,0,0,0,0,0,0,0,0,0,0,0,0,0,0,0,0,0,0,0,0,0,0,0,0,0,0,0,0,0,0,0,0,0,0,0,0,0,0,0,0,0,0,0,0,0,0,0,0,0,0,0,0,0,0,0,0,0,0,0,0,0,0,0,0,0,0,0,0,0,0,0,0,0,0,0,0,0,0,0,0,0,0,0,0,0,0,0,0,0,0,0,0,0,0,0,0,0,0,0,0,0,0,0,0,0,0,0,0,0,0,0,0,0,0,0,0,0,0,0,0,0,0,0,0,0,0,0,0,0
1,e1526,1,20,8,0,0,0,0,0,0,0,0,0,0,0,0,0,0,0,0,0,0,0,0,0,0,0,0,0,0,0,0,0,0,0,0,0,0,0,0,0,0,0,0,0,0,0,0,0,0,0,0,0,0,0,0,0,0,0,0,0,0,0,0,0,0,0,0,0,0,0,0,0,0,0,0,0,0,0.055555556,0,0,0,0,0,0,0,0,0,0,0,0,0,0,0,0,0,0,0,0,0,0,0,0,0,0,0,0,0,0,0,0,0,0,0,0,0,0,0,0,0,0,0,0,0,0,0,0,0,0,0,0,0,0,0,0,0,0,0,0,0,0,0,0,0,0,0,0,0,0,0,0,0,0,0,0,0,0,0,0,0,0,0.055555556,0,0,0,0,0,0,0,0,0,0,0,0,0,0,0,0,0,0,0,0,0,0,0,0,0,0,0,0,0,0,0,0,0,0,0,0
2,e2806,2,6,142,0.005861665,0,0,0.003516999,0,0,0,0,0,0.001172333,0,0,0.002344666,0,0,0,0.010550996,0,0.001172333,0.002344666,0,0,0,0,0,0,0,0,0.002344666,0,0,0,0,0,0.001172333,0,0,0,0,0.003516999,0.002344666,0,0,0.003516999,0,0,0,0,0.001172333,0.004689332,0,0.001172333,0,0.005861665,0.001172333,0,0.001172333,0,0,0,0.001172333,0,0,0.001172333,0.007033998,0,0,0,0.001172333,0,0,0,0,0,0.004689332,0,0.001172333,0.011723329,0,0,0,0.001172333,0,0,0,0,0,0.022274326,0.002344666,0.004689332,0,0,0,0,0.001172333,0,0,0,0,0.001172333,0,0,0,0,0,0,0,0,0,0,0,0,0,0,0,0.004689332,0,0.007033998,0.002344666,0.004689332,0.001172333,0.007033998,0.001172333,0,0,0,0.001172333,0,0.001172333,0,0,0,0,0.004689332,0.002344666,0,0.002344666,0,0,0.005861665,0,0,0,0.004689332,0.001172333,0,0,0,0,0,0,0,0,0,0,0,0,0.003516999,0.001172333,0,0,0,0,0,0.003516999,0,0,0,0,0,0,0.001172333,0,0.003516999,0.001172333,0.001172333,0,0,0.001172333,0,0.001172333,0.011723329,0.002344666,0,0,0,0,0,0,0,0.004689332,0.002344666,0,0
3,e3702,3,0,58,0.005449591,0.001362398,0,0,0.004087193,0,0.001362398,0.001362398,0.001362398,0,0.001362398,0,0,0,0.001362398,0.002724796,0.002724796,0,0.002724796,0,0.001362398,0,0,0,0.001362398,0,0,0,0,0,0.001362398,0,0,0,0.001362398,0,0,0.001362398,0,0.002724796,0,0.001362398,0,0.001362398,0,0,0,0,0,0.008174387,0,0.002724796,0,0,0.001362398,0.001362398,0.002724796,0,0,0,0.004087193,0,0,0.001362398,0,0,0.002724796,0,0.001362398,0,0.002724796,0.001362398,0.001362398,0,0.002724796,0,0.002724796,0.001362398,0,0.002724796,0.001362398,0,0,0,0.004087193,0,0,0.016348774,0.002724796,0,0,0,0,0,0,0,0.002724796,0.001362398,0.005449591,0.001362398,0,0,0,0.001362398,0,0,0,0,0,0,0,0,0,0,0,0,0,0.001362398,0,0.001362398,0.013623978,0,0,0,0.002724796,0,0.005449591,0,0.002724796,0,0,0,0,0.005449591,0,0,0,0,0,0.001362398,0,0.001362398,0.002724796,0.001362398,0,0,0.001362398,0.001362398,0,0,0,0,0.002724796,0,0,0,0.005449591,0.004087193,0,0,0.004087193,0,0,0,0,0.001362398,0,0,0.001362398,0,0,0.001362398,0,0.004087193,0.001362398,0.013623978,0,0,0,0,0,0,0,0,0,0.002724796,0,0.001362398,0.001362398,0.001362398,0,0,0,0
4,e433,4,15,3,0,0,0,0,0,0,0,0,0,0,0,0,0,0,0,0,0,0,0,0,0,0,0,0,0,0,0,0,0,0,0,0,0,0,0,0,0,0,0,0,0,0,0,0,0,0,0,0,0,0,0,0,0,0,0,0,0,0,0,0,0,0,0,0,0,0,0,0,0,0,0,0,0,0,0,0,0,0,0,0,0,0,0,0,0,0,0,0,0,0,0,0,0,0,0,0,0,0,0,0,0,0,0,0,0,0,0,0,0,0,0,0,0,0,0,0,0,0,0,0,0,0,0,0,0,0,0,0,0,0,0,0,0,0,0,0,0,0,0,0,0,0,0,0,0,0,0,0,0,0,0,0,0,0.142857143,0,0,0,0,0,0,0,0,0,0,0,0,0,0,0,0,0,0,0,0,0,0,0,0,0,0,0,0,0,0,0,0,0,0,0,0,0,0,0,0
5,e4690,5,13,4,0,0,0,0,0,0,0,0,0,0,0,0,0,0,0,0,0,0,0,0,0,0,0,0,0,0,0,0,0,0,0,0,0,0,0,0,0,0,0,0,0,0,0,0,0,0,0,0,0,0,0,0,0,0,0,0,0,0,0,0,0,0,0,0,0,0,0,0,0,0,0,0,0,0,0,0,0,0,0,0,0,0,0,0,0,0,0,0.05,0,0,0,0,0,0,0,0,0,0,0,0,0,0,0,0,0,0,0,0,0,0,0,0,0,0,0,0.025,0,0,0,0,0,0,0,0,0,0,0.0125,0,0,0,0,0,0,0,0,0,0,0,0,0,0,0,0,0,0,0,0,0,0,0,0,0,0,0,0,0,0,0,0,0,0,0,0,0,0,0,0,0,0,0,0,0,0,0,0,0,0,0,0,0,0,0,0,0,0,0,0,0,0,0,0.025,0,0,0
6,e4894,6,9,42,0.007874016,0,0,0,0.003937008,0,0,0,0.003937008,0,0,0,0,0,0,0,0,0,0,0,0.003937008,0,0,0,0,0,0,0,0,0,0,0,0,0,0,0,0,0,0,0,0,0,0,0,0,0,0,0,0,0.015748031,0,0,0,0.003937008,0.007874016,0,0,0,0,0,0,0,0,0,0,0,0,0,0.003937008,0,0,0,0,0,0,0.003937008,0.007874016,0,0,0.003937008,0,0,0,0,0,0,0,0.027559055,0,0,0,0,0,0,0,0,0.003937008,0,0,0.003937008,0,0,0,0.003937008,0,0,0,0,0,0,0,0,0,0,0,0.003937008,0,0.019685039,0.003937008,0,0.015748031,0,0,0,0.007874016,0,0.011811024,0,0.003937008,0,0,0,0,0.007874016,0.003937008,0,0.003937008,0,0,0.007874016,0,0,0.003937008,0,0,0,0,0,0,0,0,0,0,0,0,0,0.003937008,0,0.003937008,0,0,0,0,0,0,0,0,0,0,0,0,0,0,0,0,0,0,0,0,0,0,0,0,0,0,0,0,0,0,0,0.003937008,0,0,0
7,e5006,7,4,5,0,0,0,0,0,0,0,0,0,0,0,0,0,0,0,0,0,0,0,0,0,0,0,0,0,0,0,0,0,0,0,0,0,0,0,0,0,0,0,0,0,0,0,0,0,0,0,0,0,0,0,0,0,0,0,0,0,0,0,0,0,0,0,0,0,0,0,0,0,0,0,0,0,0,0,0,0,0,0,0,0,0,0,0,0,0,0,0,0,0,0,0,0,0,0,0,0,0,0,0,0,0,0,0,0,0,0,0,0,0,0,0,0,0,0,0,0,0,0,0,0,0,0,0,0,0,0,0,0,0,0,0,0,0,0,0,0,0,0,0,0,0,0,0,0,0,0,0,0,0,0,0,0,0,0,0,0,0,0,0,0,0,0,0,0,0,0,0,0,0,0,0,0,0,0,0,0,0,0,0,0,0,0,0,0,0,0,0,0,0,0,0,0,0
8,e5199,8,12,10,0,0,0,0,0,0,0,0,0,0,0,0,0,0,0,0,0,0,0,0,0,0,0,0,0,0,0,0,0,0,0,0,0,0,0,0,0,0,0,0,0,0,0,0,0,0,0,0,0,0.0625,0,0,0,0,0,0,0,0,0,0,0,0,0,0,0,0,0,0,0.0625,0,0,0,0,0,0,0,0,0,0,0,0,0,0,0,0,0,0,0,0,0,0,0,0,0,0,0,0,0,0,0,0,0,0,0,0,0,0,0,0,0,0,0,0,0,0,0,0,0.0625,0,0,0,0,0,0,0,0.0625,0.0625,0,0,0,0,0,0,0,0,0,0,0,0,0,0,0,0,0,0,0,0,0,0,0,0,0,0,0,0,0,0,0,0,0,0,0,0,0,0,0,0,0,0,0,0,0,0,0,0,0,0,0,0,0,0,0,0,0,0,0,0,0,0,0,0.0625,0,0,0
9,e5417,9,7,2,0,0,0,0,0,0,0,0,0,0,0,0,0,0,0,0,0,0,0,0,0,0,0,0,0,0,0,0,0,0,0,0,0,0,0,0,0,0,0,0,0,0,0,0,0,0,0,0,0,0,0,0,0,0,0,0,0,0,0,0,0,0,0,0,0,0,0,0,0,0,0,0,0,0,0,0,0,0,0,0,0,0,0,0,0,0,0,0,0,0,0,0,0,0,0,0,0,0,0,0,0,0,0,0,0,0,0,0,0,0,0,0,0,0,0,0,0,0,0,0,0,0,0,0,0,0,0,0,0,0,0,0,0,0,0,0,0,0,0,0,0,0,0,0,0,0,0,0,0,0,0,0,0,0,0,0,0,0,0,0,0,0,0,0,0,0,0,0,0,0,0,0,0,0,0,0,0,0,0,0,0,0,0,0,0,0,0,0,0,0,0,0,0,0
10,e9137,10,6,638,0.009861933,0,0,0.006311637,0.001183432,0.000394477,0.001972387,0,0.000788955,0.00591716,0,0.000394477,0.002761341,0,0.000394477,0.000788955,0.004733728,0,0.001183432,0.001183432,0.001972387,0,0,0,0.000394477,0,0,0,0.007100592,0.000394477,0.001183432,0,0,0.001183432,0.000394477,0.002366864,0,0.000788955,0.001972387,0.00295858,0.002366864,0,0.000788955,0.001577909,0.001577909,0,0.000394477,0,0.000394477,0.003155819,0.001183432,0,0,0.00433925,0.00433925,0.001183432,0.003550296,0.000394477,0,0,0.001183432,0.000394477,0.000394477,0.003550296,0.000394477,0,0,0,0.000394477,0,0.001183432,0,0,0,0.00591716,0,0.003155819,0.000788955,0,0.000788955,0.000788955,0.000394477,0.000394477,0,0.000788955,0,0.001577909,0.05581854,0.000394477,0.00591716,0,0,0,0,0,0.000394477,0.001183432,0.001972387,0.003550296,0.003944773,0.000788955,0,0.000394477,0.000788955,0,0,0,0,0,0.000394477,0.000394477,0,0,0.000788955,0,0.003944773,0.000394477,0.007889546,0.002366864,0.000788955,0.005128205,0.001972387,0.001972387,0,0,0.000788955,0.002366864,0.000788955,0.003155819,0,0,0,0.000788955,0.007100592,0.003550296,0,0.000394477,0.001577909,0,0.033333333,0.001972387,0,0.000788955,0.003155819,0,0.001972387,0.000394477,0,0.000394477,0.000788955,0.000394477,0.000394477,0.000394477,0,0.000394477,0,0.000394477,0.003944773,0.000394477,0,0.000788955,0,0.000394477,0,0,0,0.000394477,0.000394477,0.000394477,0,0.000788955,0.000394477,0,0.00591716,0.000788955,0.001577909,0.000394477,0,0.000394477,0.000788955,0,0.001577909,0.000394477,0.000394477,0,0.001183432,0.000394477,0.000394477,0.001972387,0,0.004733728,0.001183432,0,0
11,e9237,11,15,162,0,0,0,0,0,0,0,0,0,0,0,0,0,0,0,0,0.014336918,0,0,0,0,0,0,0,0,0,0,0,0,0,0,0,0,0.003584229,0.007168459,0,0,0,0,0,0,0,0,0,0,0,0,0,0,0.010752688,0,0,0,0,0,0,0,0,0,0,0,0,0,0,0,0,0.003584229,0,0,0,0,0.003584229,0,0,0,0,0,0,0,0,0,0,0,0,0.003584229,0,0,0,0,0,0,0,0,0,0,0,0,0,0,0,0,0,0,0,0,0,0,0,0,0,0,0,0,0,0,0,0,0.007168459,0,0,0,0,0,0,0,0,0.010752688,0,0,0,0,0,0,0,0,0,0,0,0,0,0,0,0,0.014336918,0,0,0,0,0,0,0,0,0,0,0,0,0,0,0,0,0,0,0,0,0,0,0,0,0,0,0,0,0,0,0,0,0,0,0,0,0,0,0,0,0.003584229,0.003584229,0,0,0,0,0,0,0,0
12,e9513,12,17,20,0,0,0,0,0,0,0,0,0,0,0,0,0,0,0,0,0,0,0,0,0,0,0,0,0,0,0,0,0,0,0,0,0,0,0,0,0,0,0,0,0,0,0,0,0,0,0,0,0,0,0,0,0,0,0,0,0,0,0,0,0,0,0,0,0,0,0,0,0,0,0,0,0,0,0,0,0,0,0,0,0,0,0,0,0,0,0,0,0,0,0,0,0,0,0,0,0,0,0,0,0,0,0,0,0,0,0,0,0,0,0,0,0,0,0,0,0,0,0,0,0,0,0,0,0,0,0,0,0,0,0,0,0,0,0,0,0,0,0,0,0,0,0,0,0,0,0,0,0,0,0,0,0,0,0,0,0,0,0,0,0,0,0,0,0,0,0,0,0,0,0,0,0,0,0,0,0,0,0,0,0,0,0,0,0,0,0,0,0,0,0,0,0,0
13,e9766,13,21,38,0.014084507,0,0,0,0,0,0,0,0,0,0,0,0.004694836,0,0,0.004694836,0.004694836,0,0,0,0,0,0,0,0,0,0,0,0,0,0,0,0,0,0,0,0,0,0,0,0,0,0,0,0,0,0,0,0,0.009389671,0,0,0,0,0,0,0,0,0,0,0,0,0,0,0,0,0,0,0,0,0,0,0,0,0,0,0,0,0,0,0,0.004694836,0,0,0,0,0,0.037558685,0,0,0,0,0,0,0.004694836,0,0,0,0.004694836,0.009389671,0,0,0,0,0,0,0,0,0,0,0,0,0,0,0,0.009389671,0,0.014084507,0,0,0,0,0,0,0,0,0,0,0.009389671,0,0,0,0,0,0,0,0,0,0,0,0,0,0,0,0,0,0,0,0,0,0,0,0,0,0,0,0.004694836,0,0,0,0,0,0,0,0,0,0,0,0,0,0,0,0,0.004694836,0.004694836,0.018779343,0,0,0,0,0,0.004694836,0,0,0,0.004694836,0,0,0,0,0.009389671,0,0,0
14,m1087,14,4,16,0.005347594,0,0,0.005347594,0,0,0,0,0,0,0.005347594,0,0,0,0,0,0,0,0,0,0,0,0,0,0,0.005347594,0,0,0,0,0,0,0,0,0,0,0,0,0,0,0.021390374,0,0,0.005347594,0,0,0,0,0,0,0,0,0,0,0,0,0,0,0,0,0,0,0,0,0,0,0,0,0.005347594,0,0,0,0,0,0,0,0,0,0,0,0,0,0,0,0,0,0,0.005347594,0,0,0,0.005347594,0,0,0,0,0,0,0,0,0,0,0,0.005347594,0,0,0,0,0,0,0,0,0,0,0,0,0,0.005347594,0,0,0,0,0,0,0,0,0,0,0,0,0,0,0,0,0,0,0,0,0,0,0,0,0,0,0,0,0,0,0,0.021390374,0,0.005347594,0,0,0,0,0.005347594,0,0,0,0,0,0,0,0,0,0,0,0,0,0,0,0.005347594,0,0,0,0,0,0,0,0,0,0,0,0,0,0,0,0,0,0.021390374,0,0,0
15,m12,15,5,78,0.015321757,0,0,0.00102145,0.002042901,0,0.009193054,0,0.00102145,0.00102145,0,0,0,0,0,0,0,0,0,0,0,0,0,0,0,0,0,0,0,0,0,0.002042901,0,0,0.012257406,0.002042901,0,0,0,0.006128703,0.00102145,0,0,0.002042901,0,0,0,0,0,0.003064351,0,0,0,0,0.008171604,0,0,0,0,0,0,0.00102145,0,0.003064351,0,0,0,0.00102145,0,0,0,0,0,0,0.00102145,0,0.003064351,0.00102145,0.002042901,0,0,0,0,0,0.00102145,0,0,0.02247191,0.00102145,0,0,0,0,0,0,0,0.007150153,0,0,0.003064351,0.002042901,0,0,0,0,0,0,0,0,0.00102145,0,0,0,0.00102145,0,0.008171604,0,0.013278856,0.00102145,0.003064351,0.003064351,0,0,0,0.002042901,0.00102145,0.003064351,0,0.003064351,0,0,0,0,0.002042901,0.004085802,0,0.00102145,0,0,0.005107252,0,0,0.007150153,0.00102145,0,0,0,0,0,0.00102145,0,0,0,0,0,0,0.00102145,0.00102145,0.002042901,0,0,0,0,0,0,0,0,0,0,0,0,0,0,0,0,0.005107252,0,0,0,0,0,0,0,0,0,0.00102145,0,0,0.00102145,0,0.002042901,0.00102145,0,0
16,m1206,16,12,21,0,0,0,0,0,0,0,0,0,0,0,0,0,0,0,0,0,0,0,0,0.004830918,0,0,0,0,0,0,0,0.004830918,0,0,0,0,0,0,0,0,0,0,0.009661836,0,0,0,0.004830918,0,0,0,0,0,0.009661836,0,0,0,0.009661836,0.004830918,0,0,0,0,0,0.004830918,0,0,0,0,0,0,0.004830918,0,0,0,0,0,0,0,0,0.009661836,0,0,0,0,0.004830918,0,0,0,0,0,0.033816425,0,0.004830918,0,0,0,0,0.004830918,0,0,0,0,0,0.004830918,0,0,0,0,0,0,0,0,0,0,0,0,0,0,0,0,0.004830918,0,0,0.019323671,0,0,0,0.014492754,0,0.004830918,0,0.004830918,0,0,0,0,0.004830918,0.004830918,0,0.009661836,0,0,0.004830918,0.004830918,0,0,0,0,0,0,0,0,0,0,0,0,0,0,0,0.009661836,0,0,0,0,0,0,0,0,0,0,0,0,0,0,0,0,0.004830918,0,0.004830918,0,0,0,0,0,0,0.004830918,0,0,0,0,0,0.004830918,0,0.004830918,0,0,0
17,m1226,17,6,359,0.006551519,0.001191185,0,0.001191185,0.004764741,0,0.003573556,0,0.000595593,0.002977963,0,0,0.00238237,0,0,0.00238237,0,0,0.000595593,0,0.000595593,0,0,0,0.000595593,0,0,0,0.001191185,0.001191185,0.001191185,0,0.001786778,0,0,0.001191185,0,0.001191185,0.001786778,0.005955926,0,0,0,0.00238237,0,0,0,0,0,0.002977963,0.001191185,0.000595593,0,0.000595593,0.00238237,0,0.000595593,0,0,0,0.002977963,0,0.000595593,0.000595593,0,0,0.000595593,0,0,0,0,0.001191185,0,0,0.002977963,0,0.004169148,0.001191185,0,0.001191185,0,0,0.001191185,0,0.001786778,0,0.001786778,0.015485408,0.001191185,0.001786778,0,0,0,0,0,0,0.008933889,0.001191185,0.001191185,0.004169148,0,0.000595593,0.000595593,0,0,0.000595593,0.000595593,0,0.000595593,0,0.000595593,0,0,0.001786778,0,0.005955926,0,0.005360334,0,0.00238237,0.004764741,0,0.001786778,0,0,0.000595593,0.00238237,0,0.004169148,0,0,0,0.000595593,0.00238237,0.001191185,0,0,0,0,0.009529482,0.002977963,0,0.009529482,0.001786778,0.000595593,0,0,0,0,0,0,0,0,0.001191185,0.000595593,0,0.001191185,0.004169148,0.000595593,0,0.001786778,0,0,0,0,0,0,0,0.001786778,0,0.000595593,0.000595593,0,0.00238237,0.000595593,0.004764741,0,0,0,0,0.001191185,0.003573556,0,0.000595593,0,0.000595593,0,0.000595593,0,0,0.003573556,0,0,0
18,m1281,18,16,6,0,0,0,0,0,0,0,0,0,0,0,0,0,0,0,0,0,0,0,0,0,0,0,0,0,0,0,0,0,0,0,0,0,0,0,0,0,0,0,0,0,0,0,0,0,0,0,0,0,0.016666667,0,0,0,0,0,0,0,0,0,0,0,0,0,0,0,0,0,0,0.016666667,0,0,0,0,0,0.016666667,0,0,0,0,0,0,0,0,0,0,0,0,0.016666667,0,0,0,0,0,0,0,0,0,0,0,0,0,0,0,0,0,0,0,0,0,0,0,0,0,0,0,0.016666667,0,0,0,0,0,0,0,0,0,0,0,0,0,0,0,0,0,0,0,0,0,0,0,0.016666667,0,0,0,0,0,0,0,0,0,0,0,0,0,0,0.016666667,0,0,0.016666667,0,0,0,0,0,0,0,0,0,0,0,0,0,0,0,0,0,0,0,0,0,0,0,0,0,0,0,0,0,0,0,0,0,0,0,0
19,m1399,19,6,10,0,0,0,0,0.011627907,0,0.011627907,0,0,0.011627907,0,0,0,0,0,0,0,0,0,0,0,0,0,0,0.011627907,0,0,0,0.023255814,0,0,0,0,0,0,0,0,0,0,0,0,0,0,0,0,0,0,0,0,0.011627907,0,0,0,0,0,0,0,0,0,0,0,0,0,0.011627907,0,0,0,0,0,0,0,0,0,0,0.011627907,0,0,0,0,0,0,0,0,0,0,0,0,0.023255814,0,0.011627907,0,0,0,0,0,0,0,0,0,0.011627907,0,0,0,0,0,0,0,0,0,0,0,0,0,0,0,0.011627907,0,0,0,0,0,0,0,0,0.011627907,0,0,0,0.011627907,0,0,0,0,0,0,0,0,0,0,0.011627907,0,0,0,0,0,0,0,0,0,0,0,0,0,0,0,0,0,0,0,0,0.011627907,0,0,0,0,0,0,0,0,0,0,0,0,0.011627907,0,0.023255814,0,0,0,0,0,0,0,0,0,0,0,0,0,0,0,0,0,0
20,m1487,20,20,14,0.014084507,0,0,0.004694836,0.004694836,0,0,0,0,0,0,0,0,0,0,0,0,0,0,0,0,0,0,0,0,0,0,0,0,0,0,0,0,0,0,0,0,0,0,0,0.004694836,0,0,0,0,0,0,0,0,0.004694836,0,0,0,0,0,0,0,0,0,0,0,0,0,0,0,0,0,0,0,0,0,0,0,0,0.009389671,0,0,0,0,0,0,0,0,0.004694836,0,0,0.004694836,0.03286385,0,0,0,0,0,0,0,0,0,0,0,0,0,0,0,0,0,0.004694836,0,0,0,0,0,0,0,0,0,0.009389671,0,0.018779343,0.004694836,0,0,0,0.009389671,0,0.009389671,0,0.004694836,0,0,0,0,0,0,0.004694836,0,0,0,0,0,0.009389671,0,0,0,0,0,0,0,0,0,0,0,0,0,0,0,0,0,0.009389671,0,0,0,0,0,0,0,0,0,0,0,0,0,0,0,0,0,0,0,0,0,0,0,0,0,0,0,0,0,0,0.009389671,0,0.009389671,0,0,0
21,m1506,21,19,8,0,0,0,0,0,0,0,0,0,0,0,0,0,0,0,0,0,0,0,0,0,0,0,0,0,0,0,0,0,0,0,0,0,0,0,0,0,0,0,0,0,0,0,0,0,0,0,0,0,0,0,0,0,0,0,0,0,0,0,0,0,0,0,0,0,0,0,0,0,0,0,0,0,0,0,0,0,0,0,0,0,0,0,0,0,0,0,0,0,0,0,0,0,0,0,0,0,0,0,0,0,0,0,0,0,0,0,0,0,0,0,0,0,0,0,0,0,0,0,0,0,0,0,0,0,0,0,0,0,0,0,0,0,0,0,0,0,0,0,0,0,0,0,0,0,0,0,0,0,0,0,0,0,0,0,0,0,0,0,0,0,0,0,0,0,0,0,0,0,0,0,0,0,0,0,0,0,0,0,0,0,0,0,0,0,0,0,0,0,0,0,0,0,0
22,m1762,22,17,55,0.006802721,0.003401361,0,0.003401361,0,0,0,0,0,0,0,0,0.003401361,0,0,0.003401361,0.010204082,0,0,0,0,0,0,0,0,0,0,0,0,0.010204082,0,0,0,0,0,0,0,0,0,0.003401361,0,0,0,0,0,0,0,0,0,0.013605442,0,0,0,0,0,0,0,0,0,0,0,0,0,0,0,0,0,0,0.003401361,0,0,0,0,0,0,0,0,0,0,0,0,0,0,0,0,0,0,0.010204082,0,0,0,0,0,0,0,0,0.003401361,0,0,0,0,0,0,0,0,0,0,0,0,0,0,0,0,0,0,0,0,0.006802721,0,0,0,0,0,0,0,0,0.003401361,0,0,0,0,0,0,0.006802721,0,0,0,0,0,0,0,0,0.003401361,0,0,0,0,0,0,0,0,0,0,0,0,0,0.003401361,0,0,0,0,0,0,0,0,0,0,0,0,0,0,0,0,0,0,0,0,0,0.010204082,0,0,0,0,0,0,0,0,0,0,0,0,0,0,0
23,m1836,23,2,39,0.019685039,0,0,0.011811024,0,0.007874016,0.003937008,0,0,0.019685039,0,0.003937008,0.023622047,0,0,0,0,0,0,0,0,0,0,0,0,0,0,0,0.007874016,0,0.003937008,0,0,0,0,0.003937008,0,0,0,0.003937008,0,0,0,0,0.003937008,0,0,0,0,0,0.003937008,0,0,0,0,0,0,0,0.003937008,0,0,0,0,0,0,0,0,0,0,0,0,0,0.003937008,0,0,0,0,0,0,0,0,0,0,0,0.003937008,0,0,0.035433071,0.003937008,0.011811024,0,0,0,0,0,0,0,0,0,0,0,0,0,0,0,0,0,0,0,0,0.003937008,0,0,0,0,0,0,0.019685039,0.003937008,0.003937008,0,0,0,0,0,0,0,0.003937008,0,0,0,0,0.007874016,0,0,0,0,0,0,0,0.019685039,0,0,0,0,0,0,0,0.003937008,0,0,0,0,0,0,0,0.003937008,0,0,0,0,0,0,0,0,0,0,0,0.003937008,0,0.015748031,0,0,0.003937008,0,0,0.003937008,0,0,0,0,0,0,0,0,0.007874016,0,0,0,0,0,0,0,0
24,m1843,24,0,4,0,0,0,0,0,0,0,0,0,0,0,0,0,0,0,0,0,0,0,0,0,0,0,0,0,0,0,0,0,0,0,0,0,0,0,0,0,0,0,0,0,0,0,0,0,0,0,0,0,0,0,0,0,0,0,0,0,0,0,0,0,0,0,0,0,0,0,0,0,0,0,0,0,0,0,0,0.25,0,0,0,0,0,0,0,0,0,0,0,0,0,0,0,0,0,0,0,0,0,0,0.25,0,0,0,0,0,0,0,0,0,0,0,0,0,0,0,0,0,0,0,0,0.25,0,0,0,0,0,0,0,0.25,0,0,0,0,0,0,0,0,0,0,0,0,0,0,0,0,0,0,0,0,0,0,0,0,0,0,0,0,0,0,0,0,0,0,0,0,0,0,0,0,0,0,0,0,0,0,0,0,0,0,0,0,0,0,0,0,0,0,0,0,0,0,0,0,0
25,m1957,25,5,9,0,0,0,0,0.054054054,0,0,0,0,0,0,0,0,0,0,0,0,0,0,0,0,0,0,0,0,0,0,0,0,0,0,0,0,0,0,0,0,0,0,0.027027027,0,0,0,0.013513514,0,0,0,0,0,0,0,0,0,0,0.013513514,0,0,0,0,0,0,0,0,0,0,0,0,0,0,0,0,0,0,0,0,0,0,0,0,0,0,0,0,0,0,0,0,0.013513514,0,0,0,0,0,0,0,0,0,0,0,0,0,0,0,0,0,0,0,0,0,0,0,0,0,0,0,0,0,0,0,0,0.013513514,0,0,0,0,0,0.013513514,0,0,0,0,0,0,0,0,0,0,0,0,0,0,0,0,0,0,0,0,0,0,0,0,0,0,0,0,0,0,0,0,0,0,0,0,0,0,0,0,0,0,0,0,0,0,0,0,0.013513514,0,0,0,0,0,0,0,0,0,0,0,0,0,0,0,0,0,0
26,m1960,26,6,158,0.006632277,0,0,0.002210759,0.005158438,0.002210759,0.00073692,0,0.002210759,0.002947679,0,0,0.004421518,0,0,0,0,0,0.00073692,0,0.001473839,0,0,0,0,0,0,0,0.001473839,0.00073692,0.00073692,0,0,0,0,0.00073692,0,0,0,0.002210759,0.00073692,0,0,0,0,0,0,0,0.002210759,0.008843036,0.00073692,0,0,0.001473839,0.002210759,0,0,0,0.00073692,0,0.002947679,0.00073692,0,0.00073692,0.001473839,0,0,0,0,0,0.00073692,0,0,0,0.006632277,0.002210759,0.001473839,0.002210759,0,0.00073692,0,0.00073692,0,0,0.00073692,0,0,0.04642594,0.00073692,0.002210759,0.00073692,0,0,0,0.00073692,0,0.00073692,0,0.001473839,0.003684598,0,0,0.001473839,0,0,0,0,0,0,0,0,0,0,0.00073692,0,0.009579956,0,0.011053795,0,0.00073692,0.001473839,0.00073692,0.001473839,0,0.003684598,0,0.004421518,0,0.003684598,0.00073692,0,0,0,0.002947679,0.001473839,0,0,0,0,0.017686072,0.002210759,0.00073692,0.00073692,0,0,0,0.00073692,0,0,0.002947679,0,0,0,0,0,0,0.001473839,0.005158438,0,0,0.00073692,0.00073692,0.00073692,0,0.001473839,0,0,0,0,0,0.001473839,0.00073692,0,0.001473839,0.001473839,0.002947679,0.00073692,0,0.001473839,0.003684598,0.001473839,0.002210759,0.001473839,0,0,0,0,0.001473839,0,0,0.005895357,0.00073692,0,0.00073692
27,m2109,27,6,318,0.012795549,0,0,0.000834492,0.001668985,0.000556328,0.003894298,0,0.001112656,0.001390821,0.000556328,0,0.002781641,0,0.001112656,0,0,0,0.001390821,0,0.001668985,0.001112656,0,0,0.000834492,0,0,0,0.003337969,0.000834492,0.000556328,0,0,0,0.000278164,0.001668985,0,0,0.000556328,0.007510431,0.000278164,0,0,0.002503477,0,0,0,0,0.001112656,0.002781641,0,0.001390821,0,0.002225313,0.00472879,0,0.000556328,0,0.001112656,0,0,0.001390821,0.000278164,0.002225313,0.000556328,0,0,0,0,0.001112656,0.000278164,0,0,0,0.003059805,0,0.003337969,0.000834492,0,0.000834492,0.000556328,0,0,0,0.003337969,0,0.001112656,0.038942976,0.000278164,0.001390821,0,0,0,0,0,0,0.001668985,0,0.000834492,0.003894298,0.000278164,0,0.000834492,0.000278164,0,0,0,0,0,0,0,0,0,0.001112656,0,0.003894298,0,0.009179416,0,0.000834492,0.004450626,0,0.001390821,0,0.001390821,0,0.003337969,0.000278164,0.005841446,0.000278164,0,0,0.000834492,0.002503477,0.000556328,0,0.000278164,0,0,0.018358832,0.000834492,0.000556328,0.001112656,0,0.000278164,0.000278164,0.001112656,0.000556328,0,0,0,0,0,0,0.000556328,0,0.000834492,0.003059805,0.000278164,0,0,0,0.000834492,0,0,0.000556328,0,0,0.001947149,0,0,0.000834492,0,0.006397775,0.000556328,0.000556328,0,0,0.000556328,0,0.001947149,0,0.000278164,0.000278164,0,0.005841446,0,0.000556328,0.001112656,0.000556328,0.006397775,0.000834492,0,0
28,m2132,28,25,7,0,0,0,0,0,0,0,0,0,0,0,0,0,0,0,0,0,0,0,0,0,0,0,0,0,0,0,0,0,0,0,0,0,0,0,0,0,0,0,0,0,0,0,0,0,0,0,0,0,0,0,0,0,0,0,0,0,0,0,0,0,0,0,0,0,0,0,0,0,0,0,0,0,0,0,0,0,0,0,0,0,0,0,0,0,0,0,0,0,0,0,0,0,0,0,0,0,0,0,0,0,0,0,0,0,0,0,0,0,0,0,0,0,0,0,0,0,0,0,0,0,0,0,0,0,0,0,0,0,0,0,0,0,0,0,0,0,0,0,0,0,0,0,0,0,0,0,0,0,0,0,0,0,0,0,0,0,0,0,0,0,0,0,0,0,0,0,0,0,0,0,0,0,0,0,0,0,0,0,0,0,0,0,0,0,0,0,0,0,0,0,0,0,0
29,m2173,29,24,26,0.007672634,0,0,0,0.010230179,0,0.002557545,0,0,0,0,0,0,0,0,0,0,0,0,0,0,0,0,0,0,0.002557545,0,0,0,0,0,0,0,0,0.002557545,0,0,0,0,0.002557545,0,0.002557545,0,0.002557545,0,0,0,0,0,0.002557545,0,0,0,0,0,0,0,0,0,0,0,0.002557545,0,0,0,0,0,0,0,0,0,0,0,0,0,0,0.002557545,0,0,0,0,0,0,0,0.002557545,0,0,0.035805627,0,0,0,0,0,0,0,0,0,0,0,0.002557545,0,0,0,0,0,0,0,0,0,0,0,0,0,0,0,0,0,0.007672634,0,0.002557545,0.007672634,0,0,0,0,0,0.00511509,0,0.002557545,0,0,0,0,0.002557545,0,0,0,0,0,0.002557545,0.010230179,0,0,0,0,0,0,0,0,0,0,0,0,0,0.007672634,0,0,0,0,0,0,0,0,0,0,0,0,0,0,0,0,0,0,0.010230179,0,0,0,0,0,0,0,0,0,0,0.002557545,0,0,0,0.002557545,0,0,0,0,0
30,m2185,30,15,22,0,0,0,0,0.0125,0,0,0,0,0,0,0,0.00625,0,0,0,0,0,0.00625,0,0,0,0,0,0,0,0,0,0,0,0,0,0,0,0,0,0,0,0,0,0,0,0,0,0,0,0,0,0,0,0,0.00625,0,0,0,0.00625,0,0,0,0,0,0,0.01875,0,0,0,0.00625,0,0,0,0,0,0,0,0,0,0.00625,0,0,0,0,0,0,0,0,0,0,0.01875,0,0.00625,0,0,0,0,0.00625,0,0.00625,0,0,0,0,0,0,0,0,0,0,0,0,0,0,0,0,0,0,0.00625,0,0.00625,0.00625,0.00625,0.0125,0,0,0,0,0,0,0,0.00625,0,0,0,0,0.00625,0,0,0,0,0,0.00625,0,0,0.00625,0,0,0,0,0,0,0,0,0,0,0,0,0,0,0,0,0,0,0,0,0,0,0,0,0,0,0,0,0.00625,0,0,0,0,0,0,0,0,0.00625,0,0,0,0,0,0,0,0,0,0,0,0,0
31,m2216,31,16,6,0,0,0,0,0,0,0,0,0,0,0,0,0,0,0,0,0,0,0,0,0,0,0,0,0,0,0,0,0,0,0,0,0,0,0,0,0,0,0,0,0,0,0,0,0,0,0,0,0,0,0,0,0,0,0,0,0,0,0,0,0,0,0,0,0,0,0,0,0,0,0,0,0,0,0,0,0,0,0,0,0,0,0,0,0,0,0,0,0,0,0,0,0,0,0,0,0,0,0,0,0,0,0,0,0,0,0,0,0,0,0,0,0,0,0,0,0,0,0,0,0,0,0,0,0,0,0,0,0,0,0,0,0,0,0,0,0,0,0,0,0,0,0,0,0,0,0,0,0,0,0,0,0,0,0,0,0,0,0,0,0,0,0,0,0,0,0,0,0,0,0,0,0,0,0,0,0,0,0,0,0,0,0,0,0,0,0,0,0,0,0,0,0,0
32,m2331,32,26,8,0,0,0,0,0,0,0,0,0,0,0,0,0,0,0,0,0,0,0,0,0,0,0,0,0,0,0,0,0,0,0,0,0,0,0,0,0,0,0,0,0,0,0,0,0,0,0,0,0,0,0,0,0,0,0,0,0,0,0,0,0,0,0,0,0,0,0,0,0,0,0,0,0,0,0,0,0,0,0,0,0,0,0,0,0,0,0,0,0,0,0,0,0,0,0,0,0,0,0,0,0,0,0,0,0,0,0,0,0,0,0,0,0,0,0,0,0,0,0,0,0,0,0,0,0,0,0,0,0,0,0,0,0,0,0,0,0,0,0,0,0,0,0,0,0,0,0,0,0,0,0,0,0,0,0,0,0,0,0,0,0,0,0,0,0,0,0,0,0,0,0,0,0,0,0,0,0,0,0,0,0,0,0,0,0,0,0,0,0,0,0,0,0,0
33,m2349,33,21,4,0.027027027,0,0,0,0,0,0,0,0,0,0,0,0,0,0,0,0,0,0,0,0,0,0,0,0,0,0,0,0,0,0,0,0,0,0,0,0,0,0,0,0,0,0,0,0,0,0,0,0,0,0,0,0,0,0,0,0,0,0,0,0,0,0,0,0,0,0,0,0,0,0,0,0,0,0.027027027,0,0.027027027,0,0,0,0,0,0,0,0,0,0,0.054054054,0,0,0,0,0,0,0,0,0,0,0,0.027027027,0,0,0,0,0,0,0,0,0,0,0,0,0,0,0,0,0,0.027027027,0,0,0.027027027,0,0,0,0,0,0,0,0.027027027,0,0,0,0,0,0,0,0,0,0,0.054054054,0,0,0,0,0,0,0,0,0,0,0,0,0,0,0,0,0,0.027027027,0.027027027,0,0,0,0,0,0,0,0,0,0,0,0,0,0,0,0,0,0,0,0,0,0,0,0,0,0,0,0,0,0,0,0.027027027,0,0,0
34,m2374,34,14,27,0.015306122,0,0,0.005102041,0.010204082,0,0,0,0,0,0,0,0,0,0,0.005102041,0,0,0,0,0.005102041,0,0,0,0,0,0,0,0,0,0.005102041,0,0,0,0,0,0,0,0,0,0.005102041,0,0,0,0,0,0,0,0,0,0,0,0,0.005102041,0.010204082,0,0,0,0,0,0,0,0,0,0,0,0,0,0,0,0,0,0,0,0,0,0,0.005102041,0,0,0,0,0,0,0,0,0,0.040816327,0.005102041,0,0,0,0,0,0,0,0,0,0,0,0,0,0,0,0,0.005102041,0,0,0,0,0,0,0,0,0,0.005102041,0,0.010204082,0,0,0.005102041,0,0,0,0,0,0.010204082,0,0,0,0,0,0,0,0,0,0,0,0,0.005102041,0,0,0,0,0,0,0,0,0,0.005102041,0,0,0,0,0.005102041,0,0,0.005102041,0,0,0,0,0,0,0,0,0,0.005102041,0,0,0,0,0,0.005102041,0,0.005102041,0,0,0,0,0,0,0,0,0,0,0,0,0,0,0,0.005102041,0,0
35,m2402,35,10,20,0,0,0,0,0,0,0,0,0,0,0,0,0,0,0,0,0,0,0,0,0,0,0,0,0,0,0,0,0,0,0,0,0,0,0,0,0,0,0,0,0,0,0,0,0,0,0,0,0,0,0,0,0,0,0,0.004761905,0,0,0,0,0,0,0,0,0,0,0.004761905,0,0,0,0,0.004761905,0,0,0,0,0.004761905,0,0,0,0,0,0,0,0,0,0,0,0,0,0,0,0,0,0,0,0,0,0,0.004761905,0,0,0,0,0,0,0,0,0,0,0,0,0,0,0,0,0,0,0,0,0.004761905,0,0,0,0,0,0,0.004761905,0.004761905,0,0,0,0,0,0,0,0,0,0,0,0,0,0,0,0,0,0,0,0,0,0,0,0,0,0,0,0,0,0,0,0,0,0,0,0,0,0,0,0,0,0,0,0,0,0,0,0,0,0,0,0,0,0,0,0,0,0,0,0,0,0,0,0,0
36,m2446,36,25,2,0.022222222,0,0,0,0,0,0,0,0,0.022222222,0,0,0,0,0,0,0,0,0,0,0,0,0,0,0,0,0.022222222,0,0.022222222,0,0.022222222,0,0,0,0,0,0,0,0,0,0,0,0,0,0,0,0,0,0,0,0,0,0,0,0,0,0,0,0,0,0,0,0,0,0,0,0,0,0,0,0,0,0,0,0,0,0,0,0,0,0,0,0,0,0,0,0,0,0,0,0,0,0,0,0,0,0.022222222,0,0,0,0,0,0,0,0,0,0,0,0,0,0,0,0,0,0,0,0,0.022222222,0,0.022222222,0,0,0,0,0,0,0,0,0,0,0,0,0,0,0,0,0,0,0,0,0.022222222,0,0.022222222,0,0,0,0,0,0.022222222,0,0,0,0,0,0,0,0,0,0,0,0,0,0,0,0,0,0,0,0,0,0,0,0,0,0,0,0,0,0,0,0,0,0,0,0,0,0,0,0,0,0,0,0,0
37,m2561,37,24,105,0.011479592,0.00127551,0,0.011479592,0.003826531,0,0.003826531,0,0.006377551,0.003826531,0,0,0.005102041,0,0,0,0.003826531,0,0.005102041,0,0,0,0,0,0,0,0,0,0,0,0.00255102,0,0,0.00127551,0,0,0,0.005102041,0,0.005102041,0.00127551,0,0,0.00255102,0,0,0.00127551,0,0,0.003826531,0,0,0,0.00127551,0.00255102,0,0,0,0,0,0,0,0,0,0.00255102,0,0,0,0,0,0.00127551,0,0,0,0.006377551,0,0.00127551,0.00255102,0,0,0,0,0,0,0,0,0,0.044642857,0,0.00127551,0,0,0,0,0,0,0.006377551,0,0,0.00127551,0,0,0,0,0,0,0,0,0,0,0,0,0,0.005102041,0,0,0,0.015306122,0,0,0.00127551,0.00255102,0,0,0.005102041,0,0.003826531,0,0.00127551,0.00127551,0,0,0,0.00255102,0,0,0.00127551,0,0,0.031887755,0,0,0.006377551,0.00127551,0.00127551,0,0,0,0,0,0,0,0,0,0,0,0.00127551,0.006377551,0,0,0,0,0,0,0,0,0,0,0,0.005102041,0,0,0,0.00127551,0,0.00255102,0,0,0,0,0,0,0,0,0,0.012755102,0,0,0.00255102,0,0.003826531,0,0,0.00127551
38,m2564,38,18,27,0.010135135,0,0,0.006756757,0.013513514,0,0,0.003378378,0,0,0,0,0.003378378,0,0,0,0,0,0,0,0,0.003378378,0,0,0,0,0.003378378,0,0,0,0,0,0,0,0,0.003378378,0,0,0,0,0.010135135,0,0,0,0,0,0,0,0,0.010135135,0,0,0,0,0.003378378,0,0,0,0,0,0,0,0.003378378,0,0,0,0,0,0,0,0,0,0,0,0,0,0,0,0,0,0,0,0,0.003378378,0.003378378,0,0,0.027027027,0,0.003378378,0,0,0,0,0,0,0,0,0,0,0,0,0,0,0,0,0,0,0,0,0,0,0,0,0.003378378,0,0,0.003378378,0,0,0,0,0,0,0,0,0.003378378,0,0,0,0,0,0,0.003378378,0,0,0,0,0,0.003378378,0,0,0,0,0,0,0,0,0,0.010135135,0,0,0,0,0,0,0,0.003378378,0,0,0,0,0,0,0,0,0,0,0,0,0.003378378,0,0,0.006756757,0,0.016891892,0,0,0,0.003378378,0,0,0,0,0,0,0,0,0.003378378,0,0.010135135,0,0,0
39,m2784,39,5,3,0,0,0,0,0,0,0,0,0,0,0,0,0,0,0,0,0,0,0,0,0,0,0,0,0,0,0,0,0,0,0,0,0,0,0,0,0,0,0,0,0,0,0,0,0,0,0,0,0,0,0,0,0,0,0,0,0,0,0,0,0,0,0,0,0,0,0,0,0,0,0,0,0,0,0,0,0,0,0,0,0,0,0,0,0,0,0,0.076923077,0,0,0,0,0,0,0,0,0,0,0,0,0,0,0,0,0,0,0,0,0,0,0,0,0,0,0,0,0,0,0,0,0,0,0,0,0,0,0,0,0,0,0,0,0,0,0,0,0,0,0,0,0,0,0,0,0,0,0,0,0,0,0,0,0,0,0,0,0,0,0,0,0,0,0,0,0,0,0,0,0,0,0,0,0,0,0,0,0,0,0,0,0,0,0,0,0,0,0,0,0,0,0,0,0,0
40,m2803,40,11,2,0,0,0,0,0,0,0,0,0,0,0,0,0,0,0,0,0,0,0,0,0,0,0,0,0,0,0,0,0,0,0,0,0,0,0,0,0,0,0,0,0,0,0,0,0,0,0,0,0,0,0,0,0,0,0,0,0,0,0,0,0,0,0,0,0,0,0,0,0,0,0,0,0,0,0,0,0,0,0,0,0,0,0,0,0,0,0,0,0,0,0,0,0,0,0,0,0,0,0,0,0,0,0,0,0,0,0,0,0,0,0,0,0,0,0,0,0,0,0,0,0,0,0,0,0,0,0,0,0,0,0,0,0,0,0,0,0,0,0,0,0,0,0,0,0,0,0,0,0,0,0,0,0,0,0,0,0,0,0,0,0,0,0,0,0,0,0,0,0,0,0,0,0,0,0,0,0,0,0,0,0,0,0,0,0,0,0,0,0,0,0,0,0,0
41,m2892,41,5,6,0,0,0,0,0.039215686,0.019607843,0,0,0,0,0,0,0,0,0,0,0,0,0,0,0,0,0,0,0,0,0,0,0,0,0,0,0,0,0,0,0,0,0,0.019607843,0,0,0,0,0,0,0,0,0,0,0,0,0,0,0,0,0,0,0,0,0,0,0,0,0,0,0,0,0,0,0,0,0,0,0,0,0,0,0,0.039215686,0,0,0,0,0,0,0,0.019607843,0,0,0,0,0,0,0,0,0.019607843,0,0,0,0,0,0,0,0,0,0,0,0,0,0,0,0,0,0,0,0,0,0,0,0,0,0,0,0,0,0,0,0,0,0,0,0,0,0,0,0,0,0,0,0,0,0.019607843,0,0,0,0,0,0,0,0,0,0,0,0.019607843,0,0,0,0,0,0,0,0,0,0,0,0,0,0,0,0,0,0,0,0,0,0,0,0,0,0,0,0,0,0,0,0,0,0,0,0,0,0,0
42,m2993,42,10,185,0.010695187,0,0.001527884,0.003055768,0.006875477,0.001145913,0.007639419,0.000381971,0,0.00381971,0,0.000763942,0.006875477,0,0,0.001527884,0,0,0.000763942,0.000381971,0.000381971,0.001145913,0,0,0,0,0.000381971,0,0.001909855,0.000381971,0.003055768,0,0.000381971,0,0.001527884,0,0,0,0,0.006875477,0.002291826,0,0.000763942,0.000381971,0.000381971,0,0,0,0.001145913,0.001145913,0,0,0,0.001145913,0.001527884,0,0.000381971,0,0.000763942,0,0,0.000381971,0,0.001909855,0,0,0.000381971,0.000381971,0,0.001527884,0,0.000381971,0,0.000381971,0.002673797,0.000381971,0.007257448,0.000763942,0,0.001909855,0,0,0,0,0.003055768,0,0.000381971,0.043544691,0.001527884,0.001527884,0,0,0,0.000381971,0,0,0.00802139,0,0,0.00381971,0,0,0,0,0,0,0,0.000381971,0,0,0.000763942,0,0.000381971,0,0.000381971,0.006493506,0.001145913,0.00802139,0.000763942,0.003055768,0.007257448,0,0,0,0.000381971,0.000763942,0.000763942,0,0.006111536,0.000381971,0,0,0,0.001527884,0.001145913,0,0,0,0,0.012605042,0.003437739,0,0.00802139,0,0,0.001145913,0.000381971,0.000381971,0,0.000381971,0.000381971,0.000381971,0,0,0.000763942,0.000381971,0.000381971,0.00381971,0.001527884,0.000763942,0,0,0,0,0.001145913,0,0,0.000763942,0.001527884,0.000381971,0.001909855,0,0,0.004583652,0,0.003055768,0,0,0,0.000381971,0.001909855,0.002673797,0.001527884,0,0,0.001909855,0,0,0.001145913,0,0.004201681,0,0,0.001145913
43,m3234,43,7,73,0.007843137,0,0.003921569,0.003921569,0.001960784,0,0,0,0.001960784,0,0,0,0.003921569,0,0,0.003921569,0.003921569,0,0,0,0,0,0,0,0,0,0,0,0.001960784,0,0,0,0,0.001960784,0,0,0,0.005882353,0,0.005882353,0,0,0,0.005882353,0,0,0.001960784,0,0,0.009803922,0,0.001960784,0,0,0.003921569,0,0.001960784,0,0,0,0,0,0,0,0,0,0,0,0,0,0.001960784,0,0,0,0.009803922,0,0.003921569,0,0,0,0,0.003921569,0.001960784,0,0,0,0.001960784,0.033333333,0,0,0,0,0,0,0.003921569,0,0,0.005882353,0,0.005882353,0,0,0,0,0,0,0,0,0.005882353,0,0,0,0,0,0,0.003921569,0,0.01372549,0,0,0.005882353,0.001960784,0.007843137,0,0.005882353,0.001960784,0.009803922,0,0.005882353,0,0,0,0,0.001960784,0.003921569,0.001960784,0,0,0,0.019607843,0.003921569,0,0,0.001960784,0.003921569,0,0,0,0,0,0,0,0,0.003921569,0,0,0,0.007843137,0.001960784,0,0,0,0,0,0.001960784,0,0,0,0,0,0,0.001960784,0,0.005882353,0.003921569,0.001960784,0.001960784,0,0.001960784,0.001960784,0,0.007843137,0.003921569,0.003921569,0,0,0,0,0,0,0.005882353,0.003921569,0,0
44,m3490,44,18,3,0,0,0,0,0,0,0,0,0,0,0,0,0,0,0,0,0,0,0,0,0,0,0,0,0,0,0,0,0,0,0,0,0,0,0,0,0,0,0,0,0,0,0,0,0,0,0,0,0,0,0,0,0,0,0,0,0,0,0,0,0,0,0,0,0,0,0,0,0,0,0,0,0,0,0,0,0,0,0,0,0,0,0,0,0,0,0,0,0,0,0,0,0,0,0,0,0,0,0,0,0,0,0,0,0,0,0,0,0,0,0,0,0,0,0,0,0,0,0,0,0,0,0,0,0,0,0,0,0,0,0,0,0,0,0,0,0,0,0,0,0,0,0,0,0,0,0,0,0,0,0,0,0,0,0,0,0,0,0,0,0,0,0,0,0,0,0,0,0,0,0,0,0,0,0,0,0,0,0,0,0,0,0,0,0,0,0,0,0,0,0,0,0,0
45,m3552,45,15,131,0.003401361,0,0.002267574,0.003401361,0.001133787,0,0.004535147,0,0.009070295,0,0.003401361,0,0.001133787,0,0.002267574,0.003401361,0,0,0.010204082,0,0,0.001133787,0,0,0.002267574,0,0,0.001133787,0,0,0.003401361,0,0,0,0.002267574,0,0,0,0,0.001133787,0.002267574,0,0,0,0,0,0,0,0.002267574,0,0,0.002267574,0,0,0.004535147,0,0,0.001133787,0.003401361,0.001133787,0,0,0.001133787,0.001133787,0.001133787,0,0,0,0,0,0,0,0,0,0,0,0,0.002267574,0,0.003401361,0.002267574,0,0,0,0.001133787,0,0.006802721,0.02154195,0.002267574,0,0,0,0,0.001133787,0,0,0.012471655,0,0,0,0,0,0,0,0,0.001133787,0,0,0,0,0.001133787,0,0,0,0,0,0,0.001133787,0,0.002267574,0,0,0,0,0.010204082,0,0,0.001133787,0,0,0,0,0,0,0,0,0,0,0.001133787,0.007936508,0.002267574,0.003401361,0.012471655,0,0,0,0.002267574,0.003401361,0,0.001133787,0.002267574,0,0,0.001133787,0,0,0.002267574,0.001133787,0,0,0,0.001133787,0,0,0,0.003401361,0,0,0.003401361,0.006802721,0,0,0,0.001133787,0.001133787,0,0,0,0.001133787,0,0,0.001133787,0.001133787,0,0,0.002267574,0,0.001133787,0,0.003401361,0,0.001133787,0.001133787,0
46,m3616,46,14,305,0.010076336,0.000152672,0.000152672,0.001679389,0.00259542,0.000916031,0.003664122,0,0.000916031,0.00259542,0.000916031,0.000152672,0.00519084,0,0.001068702,0.001984733,0.000610687,0,0.000305344,0.000458015,0.000763359,0.001221374,0.000152672,0,0.001526718,0,0.000305344,0.000152672,0.001221374,0,0.003664122,0.000152672,0,0,0.000152672,0.001068702,0,0,0.000610687,0.005496183,0.000610687,0.000152672,0,0.001374046,0,0,0,0,0.000763359,0.00259542,0.000152672,0.001526718,0,0.001526718,0.002442748,0.000305344,0.000458015,0.000152672,0.000305344,0,0.000152672,0,0.002137405,0.000763359,0.000763359,0,0.000610687,0,0.000152672,0.000610687,0.000916031,0.000610687,0,0,0.002900763,0.000916031,0.004122137,0.000610687,0.000152672,0.001984733,0.001374046,0.000610687,0,0.000305344,0.004580153,0,0.001221374,0.034961832,0.000152672,0.001984733,0.000305344,0,0,0,0.000916031,0,0.003358779,0,0.000152672,0.00351145,0.000458015,0,0.000152672,0,0,0.000152672,0,0,0,0.000305344,0.000458015,0.000152672,0.000305344,0.000152672,0,0.007328244,0.001068702,0.008244275,0.000610687,0.003664122,0.004427481,0,0.001679389,0,0.002900763,0.000305344,0.001526718,0.000763359,0.003206107,0.001068702,0.000305344,0,0,0.001526718,0.000916031,0,0.000305344,0.000610687,0.000152672,0.007938931,0.002290076,0.000916031,0.003358779,0.000152672,0.000152672,0.000610687,0.001068702,0.001679389,0,0.000763359,0.000305344,0,0,0.000152672,0.001068702,0.000152672,0.000305344,0.003053435,0.001374046,0,0,0.000610687,0,0,0.000152672,0.001068702,0.000152672,0.000458015,0.002137405,0.000305344,0.001221374,0.000458015,0,0.003358779,0.000458015,0.002900763,0,0,0.000458015,0.000152672,0.001679389,0,0.001221374,0.000152672,0.001068702,0.004274809,0,0.000916031,0.001374046,0.000916031,0.005648855,0,0.000152672,0
47,m3670,47,8,2,0.057142857,0,0,0.028571429,0,0,0,0,0,0,0,0,0,0,0,0,0.028571429,0,0,0,0,0,0,0,0,0,0,0,0,0,0,0,0,0.028571429,0,0,0,0,0,0,0,0,0,0,0,0,0,0,0,0,0,0,0,0,0,0,0,0,0,0,0,0,0,0,0,0,0,0,0,0,0,0,0,0,0,0,0,0,0,0,0,0,0,0,0,0,0,0,0,0,0,0,0,0,0,0,0,0.028571429,0,0,0,0,0,0,0,0,0,0,0,0,0,0,0,0,0,0,0,0.028571429,0,0,0,0,0,0,0,0,0,0,0,0,0,0,0,0,0,0,0,0,0,0,0,0,0,0.028571429,0,0,0,0,0,0,0,0,0,0,0,0,0,0,0,0,0,0,0,0,0,0,0,0,0,0,0,0,0,0,0,0,0,0,0,0,0,0,0,0,0,0,0,0,0.028571429,0,0,0,0,0
48,m3810,48,21,55,0.012779553,0,0,0.006389776,0.006389776,0,0,0,0,0,0,0,0.003194888,0,0,0,0,0,0,0,0,0,0,0,0.003194888,0,0,0,0,0,0,0,0,0,0,0,0,0,0,0,0,0,0,0,0,0,0,0,0,0.003194888,0,0,0,0,0.003194888,0,0,0,0,0,0,0.003194888,0,0,0,0,0,0,0,0,0,0,0,0,0,0,0.012779553,0,0,0.003194888,0,0,0,0,0,0,0.003194888,0.044728435,0,0,0,0,0,0,0,0,0.028753994,0,0,0.012779553,0,0,0,0,0,0,0,0,0,0,0.003194888,0,0,0,0,0.006389776,0.003194888,0.006389776,0,0,0.015974441,0,0,0,0.006389776,0,0.006389776,0,0.012779553,0,0,0,0,0,0,0,0,0,0,0.031948882,0,0.003194888,0.031948882,0,0,0,0,0,0,0,0,0,0,0,0.003194888,0,0,0.003194888,0,0,0,0,0,0,0,0,0,0.003194888,0,0.003194888,0.003194888,0,0,0,0,0.006389776,0,0,0,0,0,0,0,0,0,0,0,0,0,0,0,0,0,0
49,m4088,49,6,493,0.007075889,0.000530692,0.000353794,0.004599328,0.002830356,0.001061383,0.000530692,0.000176897,0.002299664,0.001945869,0.000176897,0.000353794,0.001945869,0,0.000176897,0.000530692,0.002830356,0,0.000530692,0.000176897,0.001238281,0.000353794,0,0.000176897,0.001238281,0.000176897,0.000707589,0.000176897,0.000530692,0.000707589,0.002122767,0.000176897,0,0.000176897,0.000176897,0.000353794,0,0.000884486,0.000530692,0.001415178,0.001415178,0.000176897,0.001061383,0,0,0.000176897,0,0,0.001415178,0.003007253,0.000530692,0.000176897,0,0.003537944,0.004422431,0.000176897,0.000530692,0,0,0,0.001592075,0.000530692,0.000353794,0.000884486,0.001238281,0,0,0,0.000530692,0.000176897,0.000707589,0,0.000176897,0,0.005130019,0.000353794,0.004599328,0.001592075,0,0.001415178,0.000353794,0.000530692,0,0,0.000884486,0,0.001061383,0.036087033,0.002299664,0.002830356,0,0,0,0,0.000353794,0,0.001592075,0.001238281,0.000176897,0.004953122,0.000176897,0,0,0.001592075,0,0,0,0,0,0,0.000884486,0,0.000176897,0.000530692,0,0.004245533,0.000176897,0.006722094,0.000176897,0.001768972,0.003891739,0,0.000530692,0,0.002299664,0.000353794,0.001592075,0,0.004953122,0.000176897,0.001945869,0,0,0.003714842,0.002653458,0.001061383,0.000530692,0,0,0.013974881,0.001768972,0.000176897,0.001592075,0.001945869,0.001061383,0.000176897,0.000176897,0.000176897,0,0.000707589,0.000707589,0,0.002830356,0.000176897,0.001061383,0,0.000707589,0.004422431,0.001238281,0.000176897,0.000176897,0.000176897,0.000176897,0,0.000353794,0.000176897,0.000353794,0.000176897,0.000353794,0,0.000884486,0,0,0.004068636,0.001945869,0.003537944,0.000176897,0,0.000707589,0.001415178,0.001238281,0.000176897,0.002122767,0.000176897,0,0.000884486,0,0.000353794,0.000707589,0.000176897,0.006898992,0.001061383,0,0.000176897
50,m4238,50,24,47,0.01572327,0.003144654,0,0.003144654,0.012578616,0,0,0,0.012578616,0,0,0,0,0,0,0,0,0,0,0,0,0,0,0,0,0,0,0,0,0,0.003144654,0,0,0,0,0,0,0,0,0,0,0.003144654,0,0,0,0,0,0,0,0,0,0,0,0,0.009433962,0,0.003144654,0,0,0,0,0,0,0,0,0,0,0,0,0,0,0,0,0,0.003144654,0,0.003144654,0,0,0.009433962,0,0,0,0,0.009433962,0,0,0.018867925,0,0,0,0,0,0,0,0,0,0,0,0.003144654,0,0,0,0.003144654,0,0,0,0,0,0,0,0,0,0,0,0,0,0.01572327,0,0.003144654,0.003144654,0,0,0,0.003144654,0,0,0,0.003144654,0.003144654,0,0,0,0.003144654,0,0,0.003144654,0.003144654,0,0,0,0,0,0,0,0,0,0.003144654,0,0,0,0,0,0,0,0,0,0.006289308,0,0,0,0,0,0,0,0,0,0,0.003144654,0,0,0,0,0,0,0.009433962,0,0,0,0,0,0,0,0,0,0,0,0,0.006289308,0,0.006289308,0,0,0
51,m4368,51,8,42,0.017667845,0,0,0,0.003533569,0.003533569,0.001766784,0,0.001766784,0.001766784,0,0.001766784,0.010600707,0,0,0.001766784,0,0,0,0.001766784,0.001766784,0,0,0,0,0,0,0,0,0,0.001766784,0,0,0,0,0,0,0,0,0.003533569,0,0,0,0.001766784,0.001766784,0,0,0,0,0.001766784,0,0,0,0.001766784,0.007067138,0,0,0,0,0,0.001766784,0.001766784,0,0.001766784,0.003533569,0,0,0,0.003533569,0,0,0,0,0,0.001766784,0,0.008833922,0.003533569,0,0,0,0.003533569,0,0,0,0,0.001766784,0.021201413,0.007067138,0.001766784,0,0,0,0,0.003533569,0.001766784,0,0,0,0.008833922,0.001766784,0,0,0,0,0,0,0,0.005300353,0,0,0,0,0,0,0.007067138,0,0.012367491,0,0.005300353,0.007067138,0,0.005300353,0,0.005300353,0,0.001766784,0,0.007067138,0,0,0,0,0.001766784,0.001766784,0.001766784,0.001766784,0,0,0.007067138,0.001766784,0,0.001766784,0,0,0,0,0,0,0,0,0,0,0.003533569,0.007067138,0,0.001766784,0,0.005300353,0,0,0.005300353,0,0,0,0,0,0,0,0.001766784,0.001766784,0,0,0.005300353,0,0,0,0,0.001766784,0,0,0,0.010600707,0,0,0,0,0,0.003533569,0,0.001766784,0,0,0
52,m4435,52,10,186,0.012416428,0.00191022,0,0,0.003820439,0,0.016236867,0,0.003820439,0.004775549,0.00095511,0.005730659,0.006685769,0,0.00191022,0,0,0,0,0.00095511,0.00095511,0,0,0,0.00095511,0,0.003820439,0.003820439,0,0,0.010506208,0,0,0,0.00095511,0,0,0,0,0.020057307,0,0,0,0.003820439,0,0,0,0,0,0.00095511,0,0.00095511,0,0.00095511,0.006685769,0.00095511,0.00191022,0,0.003820439,0,0,0,0,0.005730659,0.00095511,0,0,0,0,0,0.00095511,0,0,0,0.00191022,0.00191022,0.009551098,0,0,0.00191022,0.004775549,0,0,0,0.00191022,0,0,0.014326648,0,0.005730659,0,0,0,0,0,0,0.005730659,0,0.00191022,0.005730659,0,0,0,0,0,0,0,0,0.00095511,0,0.00095511,0,0,0,0,0.00286533,0,0.011461318,0.00191022,0.008595989,0.006685769,0,0.00095511,0,0.003820439,0,0.00095511,0,0.005730659,0.00191022,0,0.00095511,0,0.00286533,0.00191022,0,0.00095511,0.00095511,0,0.003820439,0.004775549,0.00095511,0.005730659,0,0.00191022,0,0.00095511,0.00191022,0,0,0,0,0,0.00095511,0,0,0,0.00191022,0,0,0,0.009551098,0,0,0,0.00095511,0,0,0.009551098,0,0.003820439,0,0,0.008595989,0.00095511,0.00095511,0,0,0,0,0,0.00191022,0,0,0,0.008595989,0.00095511,0,0.00095511,0.00095511,0.00095511,0,0,0
53,m4506,53,10,158,0.007237636,0.002412545,0,0,0.002412545,0,0.018094089,0,0.00482509,0.006031363,0.001206273,0.007237636,0.009650181,0,0.001206273,0,0,0,0,0.001206273,0.001206273,0,0,0,0.001206273,0,0.00482509,0.00482509,0,0,0.010856454,0,0,0,0.001206273,0,0,0,0,0.02291918,0,0,0,0.003618818,0,0,0,0,0,0.001206273,0,0.001206273,0,0.001206273,0.008443908,0.001206273,0,0,0.00482509,0,0,0,0,0.007237636,0.001206273,0,0,0,0,0,0.001206273,0,0,0,0.002412545,0.001206273,0.010856454,0,0,0.002412545,0.006031363,0,0,0,0,0,0,0.014475271,0,0.006031363,0,0,0,0,0,0,0.006031363,0,0.001206273,0.006031363,0,0,0,0,0,0,0,0,0.001206273,0,0,0,0,0,0,0.001206273,0,0.007237636,0.002412545,0.009650181,0.007237636,0,0.001206273,0,0.00482509,0,0.001206273,0,0.006031363,0.001206273,0,0.001206273,0,0.003618818,0.001206273,0,0.001206273,0,0,0.00482509,0.006031363,0.001206273,0.006031363,0,0.001206273,0,0.001206273,0.001206273,0,0,0,0,0,0.001206273,0,0,0,0.002412545,0,0,0,0.009650181,0,0,0,0.001206273,0,0,0.010856454,0,0.00482509,0,0,0.010856454,0,0,0,0,0,0,0,0.002412545,0,0,0,0.010856454,0.001206273,0,0.001206273,0.001206273,0.001206273,0,0,0
54,m4580,54,20,181,0.014221557,0,0,0.002245509,0.002245509,0.000748503,0.000748503,0,0,0.001497006,0,0,0,0,0,0,0.002245509,0,0,0,0,0,0,0,0,0,0,0,0.003742515,0,0,0,0,0,0,0.000748503,0,0,0,0.000748503,0.001497006,0,0,0.000748503,0.000748503,0,0,0,0.001497006,0.003742515,0,0,0,0,0.000748503,0,0.000748503,0,0,0,0.000748503,0.000748503,0.001497006,0,0,0,0,0,0,0,0,0,0,0,0.005239521,0,0.008982036,0,0,0.000748503,0,0,0,0,0,0,0.001497006,0.056137725,0,0.005239521,0,0,0,0,0,0,0,0,0,0.008233533,0,0,0.000748503,0,0,0.001497006,0,0,0,0,0.000748503,0,0,0,0,0.008233533,0.001497006,0.017964072,0.000748503,0.004491018,0.010479042,0,0,0,0.000748503,0,0.002245509,0,0.008233533,0,0,0,0,0.001497006,0.000748503,0,0,0,0,0.020209581,0.002994012,0,0,0.000748503,0,0,0,0,0,0.001497006,0,0,0.000748503,0,0.001497006,0.000748503,0,0.00748503,0.000748503,0,0,0.001497006,0.002245509,0,0,0,0,0,0,0,0.001497006,0,0,0.002245509,0,0.003742515,0.000748503,0,0,0.000748503,0,0,0,0,0,0,0,0.000748503,0.001497006,0,0.002994012,0,0,0
55,m473,55,3,133,0.006756757,0,0.000965251,0.004826255,0.003861004,0,0,0,0.002895753,0.004826255,0,0.000965251,0.002895753,0,0,0.005791506,0.005791506,0,0,0,0.000965251,0,0,0,0.000965251,0,0,0,0.000965251,0.000965251,0.000965251,0.000965251,0,0.003861004,0,0,0,0,0.001930502,0.005791506,0.002895753,0,0,0,0,0,0,0,0,0.003861004,0,0.001930502,0,0.001930502,0.001930502,0,0.000965251,0,0,0,0.003861004,0,0,0.000965251,0,0,0,0,0.000965251,0,0,0,0,0,0.003861004,0,0.011583012,0,0.000965251,0.000965251,0,0,0,0.000965251,0.001930502,0,0.002895753,0.025096525,0,0.002895753,0,0,0,0,0,0,0,0,0.000965251,0.008687259,0.000965251,0,0,0.000965251,0,0,0,0,0,0.002895753,0,0,0.001930502,0.000965251,0,0.005791506,0.000965251,0.003861004,0.000965251,0.003861004,0.014478764,0.002895753,0.001930502,0,0.001930502,0,0.001930502,0.000965251,0.011583012,0,0.000965251,0,0,0.003861004,0.000965251,0.000965251,0,0,0,0.006756757,0.003861004,0,0,0.004826255,0,0,0,0,0,0,0,0,0.000965251,0,0,0,0.001930502,0.001930502,0,0,0.003861004,0,0.001930502,0,0,0,0.000965251,0.000965251,0,0.000965251,0.002895753,0.001930502,0,0.001930502,0,0.005791506,0,0,0.000965251,0.000965251,0,0,0,0.000965251,0,0.000965251,0,0.000965251,0.001930502,0,0.001930502,0,0,0.000965251
56,m4814,56,12,47,0.007936508,0,0,0.005291005,0,0,0.005291005,0,0.002645503,0,0,0,0,0,0,0.002645503,0,0,0,0,0,0,0,0,0,0,0,0,0,0,0.002645503,0,0,0,0,0,0,0,0,0.005291005,0,0,0,0,0,0,0,0,0.007936508,0.007936508,0,0,0,0.002645503,0,0.002645503,0.002645503,0,0,0,0,0,0,0.005291005,0,0,0.002645503,0,0,0,0,0.002645503,0,0,0.002645503,0,0.005291005,0,0,0,0,0,0,0,0,0,0,0.037037037,0,0,0,0,0,0,0,0,0.005291005,0,0,0.005291005,0,0,0,0,0,0,0,0,0.005291005,0,0,0,0,0,0,0.002645503,0,0.005291005,0,0,0.007936508,0,0.002645503,0,0.005291005,0,0.005291005,0,0.005291005,0,0,0,0,0.002645503,0,0,0,0,0,0.010582011,0,0,0.005291005,0,0,0,0,0,0,0,0,0,0,0.005291005,0,0,0,0.005291005,0,0,0,0,0,0,0,0,0,0,0,0,0,0,0,0.002645503,0,0.005291005,0,0,0,0,0.002645503,0.002645503,0.002645503,0,0,0.005291005,0,0,0,0,0.002645503,0,0,0
57,m49,57,1,4,0,0,0,0,0,0,0,0,0,0,0,0,0,0,0,0,0,0,0,0,0,0,0,0,0,0,0,0,0,0,0,0,0,0,0,0,0,0,0,0,0,0,0,0,0,0,0,0,0,0,0,0,0,0,0,0,0,0,0,0,0,0,0,0,0,0,0,0,0,0,0,0,0,0,0,0,0,0,0,0,0,0,0,0,0,0,0,0,0,0,0,0,0,0,0,0,0,0,0,0,0,0,0,0,0,0,0,0,0,0,0,0,0,0,0,0,0,0,0,0,0,0,0,0,0,0,0,0,0,0,0,0,0,0,0,0,0,0,0,0,0,0,0,0,0,0,0,0,0,0,0,0,0,0,0,0,0,0,0,0,0,0,0,0,0,0,0,0,0,0,0,0,0,0,0,0,0,0,0,0,0,0,0,0,0,0,0,0,0,0,0,0,0,0
58,m4937,58,27,27,0.00754717,0,0,0,0,0,0.003773585,0,0,0,0,0,0.011320755,0,0,0,0,0,0.003773585,0,0,0,0,0,0,0,0,0,0,0,0,0,0,0,0,0,0,0,0,0.003773585,0,0.003773585,0,0,0,0,0,0,0.011320755,0,0,0,0,0,0.003773585,0,0.011320755,0,0,0,0,0,0.00754717,0,0,0,0,0,0,0,0,0,0,0,0,0,0,0,0,0,0,0,0,0,0.003773585,0,0,0.018867925,0.003773585,0,0,0,0,0,0,0,0.011320755,0,0,0,0,0,0,0,0,0,0,0,0,0,0,0,0,0,0,0,0.00754717,0.00754717,0,0.003773585,0.00754717,0,0.018867925,0,0,0,0,0,0,0,0,0,0,0.00754717,0,0,0,0,0,0.00754717,0.00754717,0,0.011320755,0,0,0,0,0,0,0,0,0,0,0,0,0,0,0,0,0,0,0.00754717,0,0,0,0,0,0,0.003773585,0,0,0,0,0,0,0,0,0,0,0,0,0.00754717,0,0,0,0.00754717,0,0,0,0.003773585,0,0,0.003773585,0
59,m4947,59,10,364,0.01042471,0,0.0003861,0.002316602,0.002702703,0.0003861,0.001544402,0,0.0003861,0.004247104,0,0.001930502,0.001158301,0.0003861,0,0.002316602,0.000772201,0,0,0,0.0003861,0,0,0,0.001544402,0,0.000772201,0,0.003474903,0,0.001544402,0,0,0.000772201,0.0003861,0.0003861,0,0,0,0.003474903,0.0003861,0,0,0.001544402,0,0,0,0,0.0003861,0.001544402,0,0.0003861,0,0,0.01003861,0,0.0003861,0,0,0,0,0.0003861,0,0.0003861,0.0003861,0,0,0,0,0.0003861,0.000772201,0,0,0,0.003861004,0,0.007722008,0.0003861,0,0.0003861,0,0,0,0,0.002316602,0,0.001930502,0.031274131,0.000772201,0.003861004,0,0,0,0,0,0,0.003474903,0,0,0.006563707,0,0,0.0003861,0,0,0.000772201,0,0.003861004,0.0003861,0,0,0,0,0,0.001930502,0.007335907,0.004633205,0.007722008,0,0.002702703,0.007722008,0.000772201,0.001158301,0,0.001158301,0,0.003474903,0.0003861,0.006563707,0,0,0,0.0003861,0.004633205,0.0003861,0,0,0.003088803,0,0.008494208,0.002702703,0,0.003861004,0,0,0.001544402,0,0,0.0003861,0.0003861,0,0,0,0,0.001158301,0,0.001158301,0.006177606,0.0003861,0,0,0,0,0,0,0,0,0.004247104,0.001158301,0,0.001544402,0,0,0.005791506,0.0003861,0.003474903,0.0003861,0,0.0003861,0,0,0.000772201,0.000772201,0,0.000772201,0.002702703,0,0.001158301,0.000772201,0,0.005405405,0.002316602,0,0
60,m4996,60,5,3,0.047619048,0,0,0.023809524,0,0,0,0,0,0,0,0,0,0,0,0,0.023809524,0,0,0,0,0,0,0,0,0,0,0,0,0,0,0,0,0.023809524,0,0,0,0,0,0,0,0,0,0,0,0,0,0,0,0,0,0,0,0,0,0,0,0,0,0,0,0,0,0,0,0,0,0,0,0,0,0,0,0,0,0,0,0,0,0,0,0,0,0,0,0,0,0,0,0,0,0,0,0,0,0,0,0.023809524,0,0,0,0,0,0,0,0,0,0,0,0,0,0,0,0,0,0,0,0.023809524,0,0,0,0,0,0,0,0,0,0,0,0,0,0,0,0,0,0,0,0,0,0,0,0,0,0.023809524,0,0,0,0,0,0,0,0,0,0,0,0,0,0,0,0,0,0,0,0,0,0,0,0,0,0,0,0,0,0,0,0,0,0,0,0,0,0,0,0,0,0,0,0,0.023809524,0,0,0,0,0
61,m5223,61,16,74,0.007528231,0.001254705,0,0.001254705,0.007528231,0.00250941,0.003764115,0,0.006273526,0,0.001254705,0.001254705,0.003764115,0,0.001254705,0,0.001254705,0,0,0,0.001254705,0.003764115,0,0,0.001254705,0,0,0,0,0,0.003764115,0,0,0,0,0,0,0,0,0.012547051,0.001254705,0,0,0.003764115,0,0,0,0,0.001254705,0.001254705,0,0.001254705,0,0.001254705,0.00250941,0,0,0,0.001254705,0,0.001254705,0.00250941,0,0,0,0,0,0.001254705,0,0,0,0,0,0,0.003764115,0.00250941,0.008782936,0,0,0.003764115,0.001254705,0,0,0,0.005018821,0,0,0.027603513,0,0,0,0,0,0,0.001254705,0,0.010037641,0,0,0.006273526,0,0,0.00250941,0.001254705,0,0,0,0,0.001254705,0,0,0,0,0,0,0.00250941,0,0.003764115,0,0.001254705,0.008782936,0,0.001254705,0,0.005018821,0,0.001254705,0,0.008782936,0.001254705,0,0,0,0.00250941,0,0,0,0,0,0.010037641,0.001254705,0.001254705,0.010037641,0.00250941,0.00250941,0.001254705,0.001254705,0.00250941,0,0,0,0,0,0.00250941,0.001254705,0,0,0.003764115,0.00250941,0,0.001254705,0,0,0,0,0.001254705,0,0,0.003764115,0,0,0,0,0.006273526,0.00250941,0.00250941,0,0,0,0,0.001254705,0,0,0,0.00250941,0,0,0,0,0.001254705,0.00250941,0,0,0
62,m5227,62,18,2,0,0,0,0,0,0,0,0,0,0,0,0,0,0,0,0,0,0,0,0,0,0,0,0,0,0,0,0,0,0,0,0,0,0,0,0,0,0,0,0,0,0,0,0,0,0,0,0,0,0,0,0,0,0,0,0,0,0,0,0,0,0,0,0,0,0,0,0,0,0,0,0,0,0,0,0,0,0,0,0,0,0,0,0,0,0,0,0,0,0,0,0,0,0,0,0,0,0,0,0,0,0,0,0,0,0,0,0,0,0,0,0,0,0,0,0,0,0,0,0,0,0,0,0,0,0,0,0,0,0,0,0,0,0,0,0,0,0,0,0,0,0,0,0,0,0,0,0,0,0,0,0,0,0,0,0,0,0,0,0,0,0,0,0,0,0,0,0,0,0,0,0,0,0,0,0,0,0,0,0,0,0,0,0,0,0,0,0,0,0,0,0,0,0
63,m5464,63,1,142,0.005623243,0,0,0.007497657,0,0,0.001874414,0,0.005623243,0.000937207,0.000937207,0,0,0,0.000937207,0,0.001874414,0,0,0,0.004686036,0,0,0,0.001874414,0,0,0,0.001874414,0,0.002811621,0,0,0,0,0,0,0,0,0.003748828,0,0.000937207,0,0.001874414,0,0,0,0,0,0.010309278,0,0.002811621,0,0.011246485,0.008434864,0.001874414,0,0,0,0,0,0.001874414,0,0,0.001874414,0,0.001874414,0,0,0,0,0.001874414,0,0,0.001874414,0.000937207,0.00656045,0.001874414,0,0.000937207,0.000937207,0,0,0.001874414,0,0,0,0.040299906,0.001874414,0.000937207,0,0,0,0.000937207,0,0,0.001874414,0.001874414,0,0.003748828,0,0,0,0.001874414,0,0,0,0,0,0,0,0,0,0,0,0.015932521,0,0.007497657,0.003748828,0.00656045,0.008434864,0.001874414,0.001874414,0,0.00656045,0,0.002811621,0,0.005623243,0,0,0,0,0,0.000937207,0,0.001874414,0,0,0.011246485,0.001874414,0.000937207,0.001874414,0,0,0,0.000937207,0.000937207,0,0,0,0,0,0,0.001874414,0,0.003748828,0,0,0,0,0,0,0,0,0.001874414,0,0,0.000937207,0,0,0.001874414,0,0.001874414,0,0.003748828,0,0,0,0,0,0,0,0,0.001874414,0.000937207,0,0,0,0.000937207,0.001874414,0.001874414,0,0
64,m5475,64,10,4,0,0,0,0,0,0,0,0,0,0,0,0,0,0,0,0,0,0,0,0,0,0,0,0,0,0,0,0,0,0,0,0,0,0,0,0,0,0,0,0,0,0,0,0,0,0,0,0,0,0,0,0,0,0,0,0,0,0,0,0,0,0,0,0,0,0,0,0,0,0,0,0,0,0,0,0,0,0,0,0,0,0,0,0,0,0,0,0,0,0,0,0,0,0,0,0,0,0,0,0,0,0,0,0,0,0,0,0,0,0,0,0,0,0,0,0,0,0,0,0,0,0,0,0,0,0,0,0,0,0,0,0,0,0,0,0,0,0,0,0,0,0,0,0,0,0,0,0,0,0,0,0,0,0,0,0,0,0,0,0,0,0,0,0,0,0,0,0,0,0,0,0,0,0,0,0.166666667,0,0,0,0,0,0,0,0,0,0,0,0,0,0,0,0,0,0
65,m5487,65,2,78,0.011009174,0,0,0.00733945,0.001834862,0,0.001834862,0.003669725,0,0.005504587,0,0,0.005504587,0,0.001834862,0,0.001834862,0,0,0,0,0,0,0,0,0,0,0,0.001834862,0.003669725,0.003669725,0,0,0,0,0.001834862,0,0,0,0.001834862,0.003669725,0,0,0.001834862,0.001834862,0,0,0,0,0.003669725,0.001834862,0,0,0,0,0,0,0,0,0,0,0,0,0,0,0,0.001834862,0,0,0.001834862,0,0.001834862,0,0,0.003669725,0.001834862,0.003669725,0,0,0,0,0,0,0.001834862,0.001834862,0,0.001834862,0.018348624,0,0.005504587,0,0,0,0,0,0,0.001834862,0.001834862,0,0.005504587,0,0,0,0,0,0,0,0,0,0,0,0,0,0,0,0,0,0.009174312,0,0.005504587,0.003669725,0.001834862,0.001834862,0,0.001834862,0,0.003669725,0,0.00733945,0,0,0,0,0.003669725,0.001834862,0,0,0,0,0.025688073,0.003669725,0,0.001834862,0,0,0,0,0.001834862,0.001834862,0.001834862,0,0,0,0,0,0,0,0.001834862,0.003669725,0,0,0,0.003669725,0,0,0,0,0,0,0,0.005504587,0,0,0.005504587,0,0.005504587,0,0,0.001834862,0,0,0,0,0,0,0,0,0.001834862,0.001834862,0,0.003669725,0.001834862,0,0
66,m5666,66,5,44,0.008818342,0.001763668,0,0.007054674,0.003527337,0,0.003527337,0,0,0,0,0,0.010582011,0,0,0,0.001763668,0,0,0,0.001763668,0,0,0,0,0,0,0,0,0,0,0,0,0,0,0,0,0,0,0.010582011,0.001763668,0,0,0.001763668,0,0,0,0,0,0.008818342,0,0,0,0.001763668,0.005291005,0,0,0,0,0,0.001763668,0.003527337,0,0,0,0,0,0,0,0,0,0,0,0,0.003527337,0,0.005291005,0,0,0,0,0,0,0,0,0,0.001763668,0.019400353,0,0,0,0,0,0,0,0,0.003527337,0.001763668,0,0.003527337,0,0,0,0,0,0,0,0,0,0,0,0,0,0.005291005,0,0.001763668,0,0.010582011,0,0.003527337,0.007054674,0.001763668,0.001763668,0,0.001763668,0.001763668,0.003527337,0,0.003527337,0,0,0,0,0.003527337,0,0,0,0,0,0.003527337,0,0,0.003527337,0,0,0,0,0,0,0.003527337,0,0,0,0,0.001763668,0,0.003527337,0.008818342,0,0,0.001763668,0,0,0,0.001763668,0,0,0,0,0,0,0,0,0.003527337,0,0.012345679,0,0,0,0,0,0,0,0,0,0,0,0,0.001763668,0,0.007054674,0.005291005,0,0
67,m5882,67,9,21,0.006289308,0,0,0,0,0,0,0,0,0,0,0,0,0,0,0.006289308,0,0,0,0,0.006289308,0,0,0,0,0,0,0,0,0,0,0,0,0,0,0,0,0,0,0,0,0,0,0,0,0,0,0,0,0,0,0,0,0.006289308,0.006289308,0,0,0,0,0,0,0,0.006289308,0,0,0,0,0,0,0,0,0,0,0,0,0,0.006289308,0.006289308,0,0,0,0,0,0,0,0,0,0.012578616,0.006289308,0,0,0,0,0,0,0,0.044025157,0,0,0.006289308,0,0,0,0,0,0,0,0,0,0.006289308,0,0,0,0,0,0.006289308,0,0.012578616,0,0.006289308,0.006289308,0,0,0,0,0,0,0,0.006289308,0,0,0,0,0,0,0,0,0,0.006289308,0,0,0,0.044025157,0.006289308,0,0,0,0,0,0,0,0,0,0,0,0,0,0,0,0,0,0,0,0,0,0,0,0,0,0,0,0,0,0,0,0.006289308,0,0,0,0,0,0,0,0,0,0,0,0,0,0,0,0,0,0
68,m5926,68,23,104,0.002531646,0.000843882,0,0.004219409,0.001687764,0.000843882,0,0,0.000843882,0.000843882,0.001687764,0,0.000843882,0,0.000843882,0.000843882,0.000843882,0,0,0,0,0,0,0,0.000843882,0,0,0,0.001687764,0,0.000843882,0,0,0,0,0,0,0,0,0.001687764,0.001687764,0,0,0.000843882,0,0,0,0,0,0.000843882,0,0.001687764,0,0,0,0.000843882,0.000843882,0,0,0,0.002531646,0,0,0.003375527,0.005063291,0,0.000843882,0,0,0,0,0,0,0,0.005063291,0.001687764,0.004219409,0.010126582,0,0.002531646,0.000843882,0.000843882,0,0,0.002531646,0,0.000843882,0.04978903,0.004219409,0.001687764,0,0,0,0,0.000843882,0,0.003375527,0.000843882,0.001687764,0.008438819,0,0,0,0.000843882,0,0,0,0,0.000843882,0,0.001687764,0,0,0,0,0.0092827,0,0.002531646,0,0,0.004219409,0.000843882,0.000843882,0,0.000843882,0,0.000843882,0,0.0092827,0,0,0,0.000843882,0.000843882,0.000843882,0,0.000843882,0,0,0.028691983,0,0.000843882,0.002531646,0,0,0,0.001687764,0.000843882,0,0,0.000843882,0,0,0.000843882,0,0,0.000843882,0.003375527,0.002531646,0.000843882,0.003375527,0,0,0,0,0.000843882,0.000843882,0,0.001687764,0,0,0.000843882,0,0,0,0.000843882,0,0,0.000843882,0,0.000843882,0.004219409,0.000843882,0.000843882,0,0,0.000843882,0,0.003375527,0.000843882,0.000843882,0.002531646,0,0
69,m5989,69,5,197,0.012259194,0,0,0.01295972,0.001751313,0.001050788,0.000700525,0.000350263,0.003152364,0.002101576,0.000700525,0.000350263,0.000700525,0,0.000350263,0.000350263,0,0,0,0.002101576,0.001050788,0.000350263,0,0,0.002101576,0,0,0,0.002451839,0.001401051,0.001050788,0,0,0,0.000350263,0.000700525,0,0,0,0.004903678,0.002451839,0.000350263,0,0,0,0,0,0,0,0.001401051,0,0.000700525,0,0.002101576,0.003152364,0.000350263,0,0,0.000350263,0,0.002101576,0.004553415,0,0.002101576,0,0.000350263,0.000350263,0,0,0,0.000350263,0.000350263,0,0,0.004553415,0.000350263,0.002802102,0,0,0.001401051,0.000700525,0,0,0,0.001751313,0,0,0.028021016,0,0.001751313,0,0,0,0,0.000350263,0,0,0,0.000700525,0.002451839,0,0,0.000700525,0.001050788,0,0.000350263,0,0.000350263,0,0,0.000700525,0,0,0.000700525,0,0.005954466,0,0.006654991,0.000700525,0.004203152,0.004203152,0,0.002101576,0,0.000350263,0.000350263,0.001751313,0,0.002451839,0,0,0,0,0.005954466,0.000350263,0,0.000700525,0,0,0.003152364,0.002101576,0.000350263,0,0,0.000700525,0,0.000350263,0.000350263,0,0.003502627,0,0,0,0,0.012259194,0,0.000350263,0.003152364,0,0,0.001050788,0,0,0,0.000350263,0.000350263,0,0,0.000350263,0,0.000700525,0.000350263,0,0.00525394,0.001050788,0.002101576,0,0,0.000350263,0.000700525,0,0,0,0,0,0.000700525,0,0.000350263,0.002451839,0.000350263,0.006304729,0,0,0
70,m6208,70,18,4,0,0,0,0,0,0,0,0,0,0,0,0,0,0,0,0,0,0,0,0,0,0,0,0,0,0,0,0,0,0,0,0,0,0,0,0,0,0,0,0,0,0,0,0,0,0,0,0,0,0,0,0,0,0,0,0,0,0,0,0,0,0,0,0,0,0,0,0,0,0,0,0,0,0,0.023255814,0,0,0,0,0,0,0,0,0,0,0,0,0.023255814,0,0,0,0,0,0,0,0,0,0,0,0,0,0,0,0,0,0,0,0,0,0,0,0,0,0,0,0.023255814,0,0,0,0,0,0,0,0,0,0,0,0,0,0,0,0,0,0,0,0,0,0,0,0,0,0,0,0,0,0,0,0,0,0,0,0,0,0,0,0,0,0.023255814,0.023255814,0,0,0,0,0,0,0,0,0,0,0,0,0,0,0.023255814,0,0,0,0,0,0,0,0,0,0,0,0,0,0,0,0,0,0,0,0
71,m6415,71,17,2,0,0,0,0.04,0,0,0,0,0,0,0,0,0,0,0,0,0,0,0,0,0,0,0,0,0.04,0,0,0,0,0,0,0,0,0,0,0,0,0,0,0,0.04,0,0,0,0,0,0,0,0,0.08,0,0,0,0,0,0,0,0,0,0,0,0,0,0,0,0,0,0,0,0,0,0,0,0,0,0,0,0,0,0,0,0,0,0,0,0,0,0,0,0,0,0,0,0,0,0,0,0,0,0,0,0,0,0,0,0,0,0,0,0,0,0,0,0,0,0,0,0,0,0,0,0,0,0,0,0,0.04,0,0,0,0,0,0,0,0,0,0,0,0,0,0,0,0,0,0,0,0,0,0,0,0,0,0,0,0,0,0,0,0,0,0,0,0,0,0,0,0,0,0,0,0,0,0,0,0,0.04,0,0,0,0,0,0,0,0,0,0,0,0,0,0,0,0,0,0
72,m6499,72,15,52,0.006651885,0,0,0.002217295,0,0,0,0,0,0.00443459,0,0,0.002217295,0,0,0,0,0.002217295,0,0,0.002217295,0,0,0,0.002217295,0,0,0,0.00443459,0.00443459,0,0,0,0,0,0.002217295,0,0,0,0.00886918,0,0,0,0.002217295,0.002217295,0,0,0,0,0,0,0,0,0.00443459,0.006651885,0,0.00443459,0,0,0,0,0,0,0,0,0,0,0,0,0,0,0,0,0,0,0,0,0,0,0,0,0,0,0,0,0,0,0.037694013,0,0.006651885,0,0,0,0,0,0,0.002217295,0,0,0.002217295,0,0,0,0,0,0,0,0,0,0,0.002217295,0,0,0,0,0.00443459,0,0.006651885,0.002217295,0.002217295,0.002217295,0,0,0,0.00443459,0,0,0.002217295,0.002217295,0,0,0,0,0.00443459,0.002217295,0,0,0,0,0.013303769,0.002217295,0,0.002217295,0,0.00443459,0,0,0,0,0.002217295,0,0,0,0,0,0.002217295,0.002217295,0,0,0,0,0,0.002217295,0,0.006651885,0,0,0,0,0,0.002217295,0,0,0.006651885,0.002217295,0,0.002217295,0,0.002217295,0.002217295,0,0,0,0,0,0,0,0,0,0,0.013303769,0,0,0
73,m6667,73,9,3,0,0,0,0,0,0,0,0,0,0,0,0,0,0,0,0,0,0,0,0,0,0,0,0,0,0,0,0,0,0,0,0,0,0,0,0,0,0,0,0,0,0,0,0,0,0,0,0,0,0,0,0,0,0,0,0,0,0,0,0,0,0,0,0,0,0,0,0,0,0,0,0,0,0,0,0,0,0,0,0,0,0,0,0,0,0,0,0,0,0,0,0,0,0,0,0,0,0,0,0,0,0,0,0,0,0,0,0,0,0,0,0,0,0,0,0,0,0,0,0,0,0,0,0,0,0,0,0,0,0,0,0,0,0,0,0,0,0,0,0,0,0,0,0,0,0,0,0,0,0,0,0,0,0,0,0,0,0,0,0,0,0,0,0,0,0,0,0,0,0,0,0,0,0,0,0,0,0,0,0,0,0,0,0,0,0,0,0,0,0,0,0,0,0
74,m676,74,7,7,0.015384615,0,0,0,0,0,0,0,0,0,0,0,0.030769231,0,0,0,0,0,0,0,0,0,0,0,0,0,0,0,0,0,0,0,0,0,0,0,0,0,0,0,0,0,0,0,0,0,0,0,0,0,0,0,0,0,0,0,0,0,0,0,0,0,0,0,0,0,0,0,0,0,0,0,0,0,0.015384615,0,0,0,0,0,0,0,0,0,0,0,0,0.015384615,0,0,0,0,0,0,0,0,0,0,0,0,0,0,0,0,0,0,0,0,0,0,0,0,0,0,0,0,0,0.015384615,0,0,0,0,0,0,0,0,0,0,0,0,0,0,0,0,0,0,0,0,0,0,0,0,0,0,0,0,0,0,0,0,0,0,0,0,0,0,0,0.015384615,0,0,0,0,0,0,0,0,0,0,0,0,0,0,0,0,0,0,0,0,0,0,0,0,0,0,0,0,0,0,0,0,0,0,0,0
75,m6889,75,13,3,0,0.013888889,0,0.013888889,0,0,0,0,0,0,0,0,0,0,0,0,0,0,0,0,0.013888889,0,0,0,0,0,0,0,0,0,0,0,0,0,0,0,0,0,0,0,0,0,0,0,0,0,0,0,0,0,0,0,0,0.027777778,0.013888889,0,0,0,0,0,0,0,0,0,0,0,0,0,0,0,0,0,0,0,0,0,0,0,0,0,0,0,0,0,0,0,0,0.027777778,0,0,0,0,0,0,0,0,0,0,0,0,0,0,0,0,0,0,0,0,0,0,0,0,0,0,0,0,0,0,0,0.013888889,0,0,0,0,0,0,0,0,0,0,0,0,0,0.013888889,0,0,0,0,0,0,0,0,0,0,0,0,0,0,0,0,0,0,0,0,0,0,0,0,0,0,0,0,0,0,0,0,0,0,0,0,0,0,0,0,0,0,0,0,0,0,0,0,0,0,0,0,0,0,0,0,0,0,0,0
76,m6951,76,3,130,0.007205765,0,0.000800641,0.002401922,0.002401922,0.000800641,0.000800641,0,0.002401922,0.000800641,0,0,0.004803843,0.000800641,0,0.000800641,0.001601281,0,0,0,0.002401922,0,0,0,0,0,0,0,0,0.000800641,0.000800641,0,0,0,0,0,0,0.000800641,0,0.002401922,0,0,0,0.000800641,0,0,0,0,0.000800641,0.004803843,0,0,0,0.002401922,0.007205765,0,0.000800641,0,0,0,0.000800641,0.002401922,0.001601281,0,0.003202562,0,0,0.001601281,0.000800641,0,0.001601281,0,0,0,0.002401922,0.000800641,0.001601281,0.002401922,0,0.001601281,0,0,0,0,0.000800641,0,0,0.024019215,0.002401922,0.003202562,0,0,0,0,0,0,0,0,0,0.001601281,0,0,0,0,0.000800641,0,0,0,0,0.000800641,0.000800641,0,0.000800641,0.004003203,0,0.007205765,0,0.010408327,0.000800641,0.004003203,0.002401922,0,0.000800641,0,0.002401922,0,0.000800641,0,0.001601281,0,0,0,0,0.004003203,0.002401922,0.001601281,0.000800641,0,0,0.014411529,0.001601281,0,0.000800641,0.000800641,0.000800641,0,0,0,0,0.000800641,0,0,0,0.000800641,0,0,0.000800641,0.002401922,0.000800641,0,0,0,0,0,0.002401922,0,0,0,0,0.000800641,0,0,0,0.004003203,0,0.003202562,0,0,0,0.001601281,0.000800641,0,0,0,0.001601281,0.004803843,0.001601281,0,0.001601281,0,0.004003203,0.003202562,0,0
77,m7101,77,7,14,0.00877193,0,0,0,0,0,0.00877193,0,0,0,0,0,0,0,0,0,0,0,0,0,0,0,0,0,0,0,0,0,0,0,0,0,0,0,0,0,0,0,0,0.00877193,0,0,0,0,0,0,0,0,0,0,0,0,0,0,0.00877193,0,0,0,0,0,0,0,0,0,0.00877193,0,0.00877193,0,0,0,0,0.00877193,0,0,0,0,0,0.00877193,0,0,0,0,0,0,0.01754386,0,0,0.035087719,0,0,0,0,0,0,0,0,0.00877193,0,0,0.00877193,0,0,0,0,0,0,0,0,0,0,0,0,0,0,0,0,0,0.00877193,0.01754386,0,0,0,0,0,0,0,0,0,0.00877193,0,0,0,0,0,0,0,0,0,0,0.01754386,0,0,0.00877193,0,0,0.00877193,0,0,0,0,0,0,0,0,0,0,0,0,0,0,0,0,0,0,0,0,0,0,0,0,0,0,0,0.00877193,0,0,0,0,0,0,0,0,0,0,0,0,0,0,0,0,0.01754386,0,0,0
78,m7123,78,13,7,0,0,0,0,0,0,0.016949153,0,0,0,0,0,0,0,0,0,0,0,0,0,0,0,0,0,0,0,0,0,0,0,0,0,0,0,0,0,0,0,0,0.016949153,0,0,0,0.016949153,0,0,0,0,0,0,0,0,0,0,0,0,0,0,0,0,0,0,0,0,0,0,0,0,0,0,0,0,0,0,0,0,0,0,0,0,0,0,0,0,0,0,0,0,0,0,0,0,0,0,0,0,0,0,0,0,0,0,0,0.016949153,0,0,0,0,0,0,0,0,0,0,0,0,0,0,0,0,0,0,0,0,0,0,0,0,0,0,0,0,0,0,0,0,0,0,0,0,0,0,0,0,0,0,0,0,0,0,0,0,0,0,0,0,0,0,0,0,0,0,0,0,0,0,0,0,0,0,0,0,0,0,0,0,0,0,0,0,0,0,0,0,0,0,0,0,0,0,0,0,0,0
79,m7124,79,16,91,0.009146341,0.00152439,0,0.00152439,0.006097561,0,0.00152439,0,0.004573171,0.00152439,0,0,0,0,0,0,0.00152439,0,0,0.004573171,0,0.00152439,0,0,0,0,0,0,0,0,0,0,0,0,0.00152439,0.00304878,0,0,0,0.00304878,0,0,0,0.00152439,0,0,0,0,0.00152439,0.004573171,0,0.00152439,0,0,0.006097561,0,0,0,0,0,0.00152439,0,0,0.00152439,0,0,0,0,0,0,0,0,0,0,0.00152439,0,0.004573171,0,0,0.00152439,0,0,0,0,0.00304878,0,0,0.039634146,0,0,0,0,0,0,0,0,0,0,0,0.00304878,0,0,0,0,0,0,0,0,0,0,0,0,0,0,0.00152439,0,0,0.006097561,0.00304878,0.00152439,0.00304878,0.00152439,0.00152439,0,0.007621951,0,0.00152439,0,0.00152439,0,0,0,0,0.010670732,0.004573171,0,0,0,0,0.015243902,0,0,0.00152439,0,0,0,0,0,0,0,0,0,0,0,0,0,0.00152439,0,0,0,0.00152439,0.004573171,0.00152439,0,0,0,0,0,0,0,0.00152439,0,0,0.00152439,0,0.00304878,0,0,0,0,0.00152439,0,0,0,0.00152439,0,0,0,0,0,0.004573171,0.00304878,0,0
80,m7237,80,7,487,0.008340284,0.000278009,0,0.003892132,0.000278009,0.000556019,0.002502085,0,0.000834028,0.001112038,0.000278009,0,0.004726161,0,0.000556019,0.001112038,0.001112038,0,0,0,0.000834028,0,0,0,0.000278009,0,0,0.000278009,0.000556019,0,0.000556019,0,0.000278009,0,0.000834028,0.000834028,0,0,0,0.005560189,0.002780095,0.000278009,0,0.001112038,0,0,0,0,0.000556019,0.003892132,0,0.000278009,0.000278009,0.000556019,0.001668057,0,0.000834028,0,0.000278009,0,0,0.000278009,0,0.001390047,0.001946066,0,0.000556019,0,0,0.000278009,0,0.000556019,0,0,0.003058104,0,0.003058104,0.001946066,0,0.000278009,0.000556019,0.000278009,0,0,0.000556019,0,0.000278009,0.034751182,0.002224076,0.002502085,0,0,0,0,0.000278009,0,0.001112038,0,0,0.001390047,0,0,0.000278009,0,0,0,0.000278009,0,0.000556019,0,0.000278009,0,0,0,0.000278009,0.004170142,0,0.007228246,0.000556019,0.006116208,0.004726161,0,0.000556019,0,0.002780095,0.000556019,0.001390047,0.000278009,0.001946066,0,0,0,0,0.002502085,0.000556019,0.000278009,0,0.000278009,0,0.012510425,0.001390047,0.000278009,0.001112038,0.000834028,0.000278009,0.000278009,0.000278009,0.000556019,0,0.002502085,0.000278009,0,0,0.000834028,0.000556019,0,0.001946066,0.003058104,0.000834028,0,0,0.000278009,0.000278009,0,0.001390047,0.000556019,0,0,0.000834028,0,0.001112038,0,0,0.002780095,0.000556019,0.00500417,0,0,0,0.000278009,0,0.000834028,0.001112038,0.001112038,0.000278009,0.003336113,0,0.000834028,0.001112038,0.000278009,0.00500417,0,0,0
81,m7340,81,17,8,0,0,0,0,0,0,0,0,0,0,0,0,0,0,0,0,0,0,0,0,0,0,0,0,0,0,0,0,0,0,0,0,0,0,0,0,0,0,0,0,0,0,0,0,0,0,0,0,0,0.047619048,0,0,0,0,0,0,0,0,0,0,0,0,0,0,0,0,0,0,0,0,0,0,0,0,0,0,0,0,0,0,0,0,0,0,0,0,0,0,0,0,0,0,0,0,0,0,0,0,0,0,0,0,0,0,0,0,0,0,0,0,0,0,0,0,0,0,0,0,0,0,0,0,0,0,0,0,0.047619048,0,0,0,0,0,0,0,0,0,0,0,0,0,0,0,0,0,0,0,0,0,0,0,0,0,0,0,0,0,0,0,0,0,0,0,0,0,0,0,0,0,0,0,0,0,0,0,0,0,0,0,0,0,0,0,0,0,0,0,0,0,0,0,0,0,0,0
82,m746,82,18,181,0.008684864,0,0,0.001861042,0.001861042,0.000620347,0.00248139,0,0,0.003101737,0.001240695,0.000620347,0.018610422,0,0.001240695,0.001240695,0,0,0.000620347,0,0.001240695,0.00248139,0.000620347,0,0.00248139,0,0.000620347,0,0.000620347,0,0.003722084,0,0,0,0.000620347,0,0,0,0,0.008064516,0.000620347,0,0,0.004962779,0,0,0,0,0,0.00248139,0,0.001861042,0,0.001240695,0.001861042,0.000620347,0.001240695,0,0.000620347,0,0,0,0,0,0,0,0.001240695,0,0,0.000620347,0.000620347,0.001240695,0,0,0.008064516,0,0.006203474,0.00248139,0.000620347,0.001861042,0.001240695,0.000620347,0,0,0.003722084,0,0.001240695,0.02853598,0.000620347,0.00248139,0,0,0,0.000620347,0.001240695,0,0.001240695,0,0.000620347,0.005583127,0,0,0,0,0,0.000620347,0,0.000620347,0,0,0,0,0,0,0,0.007444169,0,0.007444169,0,0.003722084,0.006203474,0,0.001240695,0,0.001861042,0,0.000620347,0,0.007444169,0.00248139,0,0,0,0.000620347,0,0,0,0,0,0.012406948,0.003101737,0.001861042,0.001240695,0,0,0,0.001240695,0.001240695,0,0,0,0,0,0,0.000620347,0,0.00248139,0.007444169,0.001240695,0,0,0.000620347,0,0,0,0.001861042,0,0.001240695,0.004342432,0,0.000620347,0.000620347,0,0.004342432,0.000620347,0.003722084,0,0,0.001861042,0,0.001240695,0.001240695,0.000620347,0,0,0,0.000620347,0,0,0.001240695,0.004962779,0,0,0
83,m7490,83,7,154,0.01338826,0,0,0.001029866,0.002059732,0,0,0,0.001029866,0,0.001029866,0,0.002059732,0,0.001029866,0.001029866,0.001029866,0,0.003089598,0,0.003089598,0,0,0,0.002059732,0,0.001029866,0,0,0.001029866,0.002059732,0,0,0,0,0,0,0.002059732,0,0,0,0,0,0,0.001029866,0,0,0,0,0.002059732,0,0.001029866,0,0.005149331,0.011328527,0,0.001029866,0,0,0,0.001029866,0.006179197,0.001029866,0.001029866,0.005149331,0,0,0,0,0,0,0,0,0,0.002059732,0,0.003089598,0.007209063,0,0.001029866,0.001029866,0.001029866,0,0,0,0,0,0.024716787,0.004119464,0.001029866,0,0,0,0,0.002059732,0,0.016477858,0.002059732,0,0.004119464,0,0,0.001029866,0.001029866,0,0,0,0,0,0,0.002059732,0,0,0.006179197,0,0.009268795,0,0.019567456,0.001029866,0.006179197,0.003089598,0,0.007209063,0,0.004119464,0,0.002059732,0,0.005149331,0,0.001029866,0,0,0.004119464,0.002059732,0,0.002059732,0.001029866,0,0.006179197,0.001029866,0.001029866,0.016477858,0,0,0,0.001029866,0.001029866,0,0,0.001029866,0,0.003089598,0,0,0.001029866,0.001029866,0.007209063,0.001029866,0,0,0,0,0,0,0.001029866,0,0,0.001029866,0,0,0,0,0.006179197,0.002059732,0.009268795,0.001029866,0,0,0.001029866,0,0,0,0,0,0.002059732,0,0.001029866,0,0.001029866,0.002059732,0.007209063,0,0
84,m7505,84,14,2,0.076923077,0,0,0,0,0,0,0,0,0,0,0,0,0,0,0,0,0,0,0,0,0,0,0,0,0,0,0,0,0,0,0,0,0,0,0,0,0,0,0,0,0,0,0,0,0,0,0,0,0,0,0,0,0,0,0,0,0,0,0,0,0,0,0,0,0,0,0,0,0,0,0,0,0,0,0,0,0,0,0,0,0,0,0,0,0,0,0,0,0,0,0,0,0,0,0,0,0,0,0,0,0,0,0,0,0,0,0,0,0,0,0,0,0,0,0,0,0,0,0,0,0,0,0,0,0,0,0,0,0,0,0,0,0,0,0,0,0,0,0,0,0,0,0,0,0,0,0,0,0,0,0,0,0,0,0,0,0,0,0,0,0,0,0,0,0,0,0,0,0,0,0,0,0,0,0,0,0,0,0,0,0,0,0,0,0,0,0,0.076923077,0,0,0,0,0
85,m7778,85,17,2,0,0,0,0,0,0,0,0,0,0,0,0,0,0,0,0,0,0,0,0,0,0,0,0,0,0,0,0,0,0,0,0,0,0,0,0,0,0,0,0,0,0,0,0,0,0,0,0,0,0,0,0,0,0,0,0,0,0,0,0,0,0,0,0,0,0,0,0,0,0,0,0,0,0,0,0,0,0,0,0,0,0,0,0,0,0,0,0,0,0,0,0,0,0,0,0,0,0,0,0,0,0,0,0,0,0,0,0,0,0,0,0,0,0,0,0,0,0,0,0,0,0,0,0,0,0,0,0,0,0,0,0,0,0,0,0,0,0,0,0,0,0,0,0,0,0,0,0,0,0,0,0,0,0,0,0,0,0,0,0,0,0,0,0,0,0,0,0,0,0,0,0,0,0,0,0,0,0,0,0,0,0,0,0,0,0,0,0,0,0,0,0,0,0
86,m7827,86,1,3,0,0,0,0,0,0,0,0,0,0,0,0,0,0,0,0,0,0,0,0,0,0,0,0,0,0,0,0,0,0,0,0,0,0,0,0,0,0,0,0,0,0,0,0,0,0,0,0,0,0,0,0,0,0,0,0,0,0,0,0,0,0,0,0,0,0,0,0,0,0,0,0,0,0,0,0,0,0,0,0,0,0,0,0,0,0,0,0,0,0,0,0,0,0,0,0,0,0,0,0,0,0,0,0,0,0,0,0,0,0,0,0,0,0,0,0,0,0,0,0,0,0,0,0,0,0,0,0,0,0,0,0,0,0,0,0,0,0,0,0,0,0,0,0,0,0,0,0,0,0,0,0,0,0,0,0,0,0,0,0,0,0,0,0,0,0,0,0,0,0,0,0,0,0,0,0,0,0,0,0,0,0,0,0,0,0,0,0,0,0,0,0,0,0
87,m7856,87,16,5,0.018518519,0,0,0,0,0,0,0,0,0,0,0,0,0,0,0,0,0,0,0,0,0,0,0,0,0,0,0,0,0,0,0,0,0,0,0,0,0,0,0,0,0,0,0,0,0,0,0,0,0,0,0,0,0,0.018518519,0,0,0,0,0,0,0,0,0,0,0,0,0,0,0,0,0,0,0,0,0,0,0,0,0,0,0,0,0,0,0,0,0,0,0,0,0,0,0,0,0,0,0,0,0,0,0,0,0,0,0,0,0,0,0,0,0,0,0,0,0.018518519,0,0.037037037,0,0.018518519,0,0,0,0,0,0,0,0,0,0,0,0,0,0,0,0,0,0,0,0,0,0,0,0,0,0,0,0,0,0,0,0,0,0,0,0,0,0.018518519,0,0,0,0,0,0,0,0,0,0,0,0,0,0,0,0,0,0,0,0,0,0,0,0,0,0,0,0,0,0,0,0,0.018518519,0,0,0
88,m7861,88,21,11,0.008438819,0.004219409,0,0,0.008438819,0,0,0,0.004219409,0,0,0,0.008438819,0,0,0,0,0,0,0,0,0,0,0,0,0,0,0,0,0,0,0,0,0,0,0.008438819,0,0,0.004219409,0,0,0,0,0,0,0,0,0,0,0.004219409,0,0.004219409,0,0.004219409,0,0,0,0,0,0,0,0,0.004219409,0,0.004219409,0,0,0,0,0,0.004219409,0,0,0,0.008438819,0,0,0.004219409,0,0.004219409,0,0,0,0,0,0,0,0.021097046,0,0,0,0,0,0,0,0,0,0,0,0,0,0,0,0,0,0,0,0,0,0,0,0,0,0,0,0.004219409,0,0.008438819,0,0,0,0,0,0,0,0,0,0,0,0,0,0,0,0.021097046,0.004219409,0,0,0,0,0,0,0,0,0,0,0,0,0,0,0,0,0.004219409,0,0,0,0,0.004219409,0.008438819,0,0,0,0,0,0,0,0,0,0,0,0,0,0.004219409,0,0,0,0.004219409,0,0,0,0,0,0,0,0,0,0,0,0,0,0,0,0,0,0
89,m7974,89,7,40,0.004524887,0,0,0.009049774,0.004524887,0,0,0,0.004524887,0,0.009049774,0,0,0,0.009049774,0.004524887,0,0,0.009049774,0.009049774,0.004524887,0.004524887,0,0,0.009049774,0,0,0,0,0,0.009049774,0,0,0.004524887,0,0,0,0,0,0.009049774,0.004524887,0,0,0.004524887,0,0,0,0,0,0,0,0.009049774,0,0.004524887,0.009049774,0,0.004524887,0,0,0,0,0.009049774,0,0,0,0,0,0,0,0,0,0,0,0,0.004524887,0,0,0,0,0.013574661,0.009049774,0,0,0,0.004524887,0,0,0.013574661,0.009049774,0,0,0,0,0,0,0,0.013574661,0,0,0,0,0,0,0,0,0,0,0,0,0,0,0,0,0.004524887,0,0.004524887,0,0.009049774,0,0.004524887,0,0.004524887,0,0,0.004524887,0,0,0,0,0,0,0,0,0.004524887,0.004524887,0,0,0,0,0,0.004524887,0.009049774,0.013574661,0,0,0,0.009049774,0.009049774,0,0.004524887,0,0,0,0,0,0,0,0.013574661,0,0,0,0,0,0,0,0.009049774,0,0,0.009049774,0.009049774,0,0,0,0,0,0.004524887,0,0,0,0,0,0.009049774,0,0,0,0.004524887,0,0,0,0.009049774,0.004524887,0.004524887,0,0
90,m8075,90,4,5,0,0,0,0.032258065,0,0,0,0,0,0,0.016129032,0,0,0,0,0,0,0,0,0,0,0,0,0,0,0,0,0,0,0,0,0,0,0,0,0,0,0,0,0,0.016129032,0,0,0,0,0,0,0,0,0,0,0,0,0,0,0,0,0,0,0,0,0,0,0,0,0,0,0,0,0,0,0,0,0,0,0,0,0,0,0,0,0,0,0,0,0,0,0,0,0,0,0,0,0,0,0,0,0,0,0,0,0,0,0,0,0,0,0,0,0,0,0,0,0,0,0,0,0,0,0,0,0,0,0,0,0,0,0.016129032,0,0,0,0,0,0,0,0,0,0,0,0,0,0,0,0,0,0,0,0,0,0.016129032,0,0,0,0,0,0,0,0,0,0,0,0,0,0,0,0,0,0,0,0,0,0,0,0,0,0,0,0,0,0,0,0,0,0,0,0,0,0,0,0,0,0,0,0
91,m8080,91,12,12,0,0,0,0,0.052631579,0,0,0,0,0,0,0,0,0,0,0,0,0,0,0,0,0,0,0,0,0,0,0,0,0,0,0,0,0,0,0,0,0,0,0.01754386,0,0,0,0.01754386,0,0,0,0,0,0,0,0,0,0,0,0,0,0,0,0,0,0,0,0,0.01754386,0,0,0,0,0,0,0,0,0,0,0,0,0,0,0,0,0,0,0,0,0,0,0.01754386,0,0,0,0,0,0,0,0,0.035087719,0,0,0,0,0,0,0,0,0,0,0,0,0.01754386,0,0,0,0.01754386,0,0,0,0,0,0,0,0,0,0,0,0,0,0,0,0,0,0,0,0,0,0,0,0,0,0,0,0,0.035087719,0,0,0,0,0,0,0,0,0,0,0,0,0,0,0,0,0,0,0,0,0,0,0,0,0,0,0,0,0,0,0,0,0.01754386,0,0,0,0,0,0,0,0,0,0,0,0,0,0,0.01754386,0,0,0
92,m8131,92,27,99,0.010050251,0,0.000837521,0.002512563,0.003350084,0.002512563,0.003350084,0,0.000837521,0.001675042,0,0.001675042,0.002512563,0,0,0.001675042,0,0,0.001675042,0,0.000837521,0.000837521,0,0,0,0,0,0,0.002512563,0,0.000837521,0,0,0,0,0,0,0,0,0.002512563,0,0.000837521,0,0,0.000837521,0,0,0,0.002512563,0.001675042,0,0,0,0.000837521,0.010050251,0.000837521,0.004187605,0,0,0,0,0,0.001675042,0.002512563,0,0,0.000837521,0.000837521,0,0,0,0.000837521,0.000837521,0,0.000837521,0,0.000837521,0.002512563,0,0.000837521,0,0,0,0,0.004187605,0,0,0.022613065,0.003350084,0.002512563,0,0,0,0,0,0,0.007537688,0,0,0.000837521,0,0.000837521,0,0,0,0.000837521,0,0,0,0,0,0,0,0,0.000837521,0.005025126,0.001675042,0.010887772,0,0.002512563,0.004187605,0,0.007537688,0,0,0.000837521,0.001675042,0,0.000837521,0.000837521,0,0,0,0.007537688,0.000837521,0,0,0,0,0.002512563,0.003350084,0,0.007537688,0,0,0,0,0,0,0,0,0,0,0,0.004187605,0,0,0.003350084,0.000837521,0,0,0.001675042,0,0,0,0,0,0,0.000837521,0,0.001675042,0,0,0.003350084,0.002512563,0.000837521,0.000837521,0,0,0,0,0.001675042,0,0,0,0.005025126,0,0,0,0.000837521,0.001675042,0,0.000837521,0
93,m8338,93,12,6,0,0,0,0,0,0,0,0,0,0,0,0,0,0,0,0,0,0,0,0,0,0,0,0,0,0,0,0,0,0,0,0,0,0,0,0,0,0,0,0,0,0,0,0,0,0,0,0,0,0,0,0,0,0,0,0,0,0,0,0,0,0,0,0,0,0,0,0,0,0,0,0,0,0,0,0,0,0,0,0,0,0,0,0,0,0,0,0,0,0,0,0,0,0,0,0,0,0,0,0,0,0,0,0,0,0,0,0,0,0,0,0,0,0,0,0,0,0,0,0,0,0,0,0,0,0,0,0,0,0,0,0,0,0,0,0,0,0,0,0,0,0,0,0,0,0,0,0,0,0,0,0,0,0,0,0,0,0,0,0,0,0,0,0,0,0,0,0,0,0,0,0,0,0,0,0,0,0,0,0,0,0,0,0,0,0,0,0,0,0,0,0,0,0
94,m8555,94,19,20,0.020408163,0,0,0,0,0,0,0,0,0,0,0,0,0,0,0,0,0,0,0,0,0,0,0,0,0,0,0,0,0,0,0,0,0,0,0,0,0,0,0,0,0,0,0,0,0,0,0,0,0,0,0.020408163,0,0,0,0,0,0,0,0,0,0,0,0,0.030612245,0,0,0,0,0,0,0,0,0,0,0,0,0.030612245,0,0,0,0,0,0,0,0,0,0.040816327,0.020408163,0,0,0,0,0,0,0,0,0,0,0,0,0,0,0,0,0,0,0,0,0,0,0,0,0,0,0,0,0.020408163,0,0,0,0,0,0,0.010204082,0,0,0,0,0,0,0,0,0,0.010204082,0,0,0,0,0.030612245,0,0,0,0,0,0,0,0,0,0,0,0,0,0,0,0,0,0,0,0,0,0,0,0,0,0,0,0,0,0,0,0.020408163,0,0,0,0,0,0,0,0,0,0,0,0,0,0,0,0,0,0,0.010204082,0,0,0
95,m8595,95,23,19,0,0,0,0,0,0,0,0,0,0,0,0,0,0,0,0,0,0,0,0,0,0,0,0,0,0,0,0,0,0,0,0,0,0,0,0,0,0,0,0,0,0,0,0,0,0,0,0,0,0,0,0,0,0,0,0,0,0,0,0,0,0,0,0,0,0,0,0,0,0,0,0,0,0,0,0,0,0,0,0,0,0,0,0,0,0,0,0,0,0,0,0,0,0,0,0,0,0,0,0,0,0,0,0,0,0,0,0,0,0,0,0,0,0,0,0,0,0,0,0,0,0,0,0,0,0,0,0,0,0,0,0,0,0,0,0,0,0,0,0,0,0,0,0,0,0,0,0,0,0,0,0,0,0,0,0,0,0,0,0,0,0,0,0,0,0,0,0,0,0,0,0,0,0,0,0,0,0,0,0,0,0,0,0,0,0,0,0,0.009803922,0,0,0,0,0
96,m8676,96,3,29,0.024096386,0,0,0,0.004016064,0,0,0,0,0,0,0,0,0,0,0.004016064,0.008032129,0,0,0,0.004016064,0,0,0,0,0,0,0,0,0,0,0,0,0.004016064,0,0,0,0,0,0.004016064,0,0,0,0,0,0,0,0,0,0,0,0,0,0.004016064,0.012048193,0,0,0,0,0,0,0,0,0,0.004016064,0,0,0,0,0,0,0,0,0,0.004016064,0,0,0.004016064,0,0,0,0,0,0,0,0,0,0.024096386,0,0,0,0,0,0,0,0,0.004016064,0.008032129,0,0,0,0,0,0,0,0,0,0,0.008032129,0,0,0,0,0,0,0.004016064,0,0.02811245,0,0.008032129,0,0.008032129,0.004016064,0,0,0.008032129,0,0,0,0,0,0,0,0.004016064,0.004016064,0,0,0,0,0.012048193,0,0,0.004016064,0,0,0,0,0,0,0,0,0,0,0,0.004016064,0,0,0.004016064,0,0,0,0,0,0,0,0,0,0,0,0,0,0,0,0,0,0.004016064,0,0,0,0,0,0.008032129,0,0,0,0,0,0,0,0,0.004016064,0.004016064,0,0
97,m8692,97,14,4,0,0,0,0.015625,0,0,0,0,0,0,0,0,0,0,0,0,0,0,0,0,0,0,0,0,0.015625,0,0,0,0,0,0,0,0,0,0,0,0,0,0,0,0.015625,0,0,0,0,0,0,0,0,0.046875,0,0,0,0,0,0,0,0,0,0,0,0,0,0,0,0,0,0,0,0,0,0,0,0,0,0,0,0,0,0,0,0,0,0,0,0,0,0.015625,0,0,0,0,0,0,0,0,0,0,0,0,0,0,0,0,0,0,0,0,0,0,0,0,0,0,0,0,0,0,0,0,0,0,0,0,0,0,0.03125,0,0,0,0,0,0,0,0,0,0,0,0,0,0,0,0,0,0,0,0,0,0,0,0,0,0,0,0,0,0,0,0,0,0,0,0,0,0,0,0,0,0,0,0,0,0,0,0,0.015625,0,0,0,0,0,0,0,0,0,0,0,0,0,0,0,0,0,0
98,m8762,98,15,4,0,0,0,0,0,0,0,0,0,0,0,0,0,0,0,0,0,0,0,0,0,0,0,0,0,0,0,0,0,0,0,0,0,0,0,0,0,0,0,0,0,0,0,0,0,0,0,0,0,0,0,0,0,0,0,0,0,0,0,0,0,0,0,0,0.022727273,0,0,0,0,0,0,0,0,0,0,0.068181818,0,0.045454545,0,0,0,0,0,0,0,0,0,0,0,0,0,0,0,0,0,0,0,0,0,0,0,0,0,0,0,0,0,0,0,0,0,0,0,0,0,0,0,0,0,0,0,0,0,0,0,0,0,0,0,0,0,0,0,0,0.022727273,0,0,0,0,0,0,0,0,0,0,0,0,0,0,0,0,0,0,0,0,0,0,0,0,0,0,0,0,0,0,0,0,0,0,0,0,0,0,0,0,0,0,0,0,0,0,0,0,0,0,0,0,0,0,0,0,0,0,0
99,m8833,99,14,5,0,0,0,0,0,0,0,0,0,0,0,0,0,0,0,0,0,0,0,0,0,0,0,0,0,0,0,0,0,0,0,0,0,0,0,0,0,0,0,0,0,0,0,0,0,0,0,0,0,0,0,0,0,0,0,0,0,0,0,0,0,0,0,0,0,0,0,0,0,0,0,0,0,0,0,0,0,0,0,0,0,0,0,0,0,0,0,0,0,0,0,0,0,0,0,0,0,0,0,0,0,0,0,0,0,0,0,0,0,0,0,0,0,0,0,0,0,0,0,0,0,0,0,0,0,0,0,0,0,0,0,0,0,0,0,0,0,0,0,0,0,0,0,0,0,0,0,0,0,0,0,0,0,0,0,0,0,0,0,0,0,0,0,0,0,0,0,0,0,0,0,0,0,0,0,0,0,0,0,0,0,0,0,0,0,0,0,0,0,0,0,0,0,0
100,m8921,100,13,52,0.008510638,0,0,0.00212766,0,0,0.00212766,0,0.00212766,0,0,0,0.008510638,0,0,0.004255319,0,0,0,0,0.008510638,0,0,0,0,0,0,0,0,0,0.004255319,0,0,0,0.00212766,0.004255319,0,0,0,0.008510638,0.00212766,0,0,0.004255319,0,0,0,0,0.00212766,0.004255319,0,0,0,0.008510638,0.008510638,0,0.00212766,0,0,0,0,0,0.00212766,0,0,0,0.010638298,0,0,0,0,0.006382979,0,0,0.004255319,0,0,0,0,0,0,0.00212766,0,0,0,0,0,0.017021277,0,0.00212766,0,0,0,0,0.00212766,0,0.00212766,0,0,0,0,0,0,0,0,0,0,0,0,0,0,0,0,0,0,0.008510638,0,0.012765957,0,0.00212766,0,0,0,0,0.006382979,0,0.004255319,0,0,0,0,0,0,0.00212766,0,0,0,0,0,0.00212766,0,0,0.00212766,0,0,0,0,0,0,0,0,0,0,0,0,0,0,0.006382979,0,0,0,0,0,0,0,0,0.00212766,0,0,0,0,0,0,0.006382979,0,0.004255319,0,0,0.00212766,0,0,0,0.00212766,0,0,0.00212766,0,0,0,0,0.00212766,0,0,0
101,m8979,101,10,84,0.021238938,0,0,0,0.001769912,0,0.001769912,0,0,0.001769912,0,0.001769912,0.001769912,0,0,0,0,0,0.001769912,0,0,0,0,0,0,0,0,0,0,0,0.001769912,0,0,0,0,0,0,0,0,0,0,0,0,0,0,0,0,0,0,0.003539823,0,0.001769912,0,0.001769912,0.003539823,0,0,0,0.001769912,0,0,0,0,0,0.005309735,0,0,0,0.001769912,0,0,0,0,0,0,0,0.001769912,0,0,0,0,0,0,0,0.001769912,0,0,0.037168142,0.001769912,0.001769912,0,0.001769912,0,0,0,0,0,0,0,0.003539823,0.005309735,0,0,0,0,0,0,0,0,0,0,0,0,0,0,0.010619469,0.001769912,0.010619469,0,0,0.001769912,0,0.010619469,0,0.003539823,0,0.003539823,0,0.003539823,0,0,0,0,0.003539823,0,0,0,0,0,0.001769912,0,0,0,0,0,0,0,0,0,0,0,0,0,0,0.001769912,0,0,0.001769912,0,0,0,0.001769912,0,0,0,0,0,0,0.001769912,0,0,0.001769912,0,0.003539823,0,0.001769912,0,0,0,0,0,0,0,0,0,0,0,0,0.001769912,0,0.007079646,0,0,0
102,m9014,102,9,11,0.007352941,0,0,0,0,0,0,0,0,0,0,0,0,0,0,0,0,0,0,0,0,0,0,0,0,0,0,0,0,0,0,0,0,0,0,0,0,0,0,0,0,0,0,0,0,0,0,0,0,0.007352941,0.007352941,0,0,0.007352941,0.007352941,0,0,0,0,0,0,0,0,0,0,0,0,0,0,0,0,0,0,0,0.007352941,0,0,0,0,0,0,0,0,0,0.007352941,0,0,0.029411765,0,0,0,0,0,0,0,0,0,0,0,0,0,0,0,0.007352941,0,0,0,0,0,0,0,0,0,0,0,0,0,0,0,0.007352941,0,0,0,0,0,0.014705882,0,0,0,0,0,0,0,0.007352941,0,0,0,0,0,0.007352941,0,0,0,0,0,0,0,0,0,0,0,0,0,0,0,0,0,0.029411765,0,0,0,0,0,0,0,0,0,0,0,0,0,0,0,0.014705882,0,0.007352941,0,0,0.007352941,0,0,0,0,0,0,0.014705882,0,0,0,0,0.007352941,0,0,0
103,m9019,103,12,15,0.006666667,0,0,0,0,0,0,0,0,0,0,0,0,0,0,0,0,0,0,0,0.006666667,0,0,0,0,0,0,0,0,0,0,0,0,0,0,0,0,0,0,0,0,0,0,0,0,0,0,0,0,0,0,0,0,0.006666667,0.006666667,0,0,0,0,0,0,0.026666667,0,0,0,0,0,0,0,0,0,0,0,0,0,0,0.006666667,0,0,0,0,0,0,0,0,0,0,0.013333333,0.006666667,0.006666667,0,0,0,0,0,0,0,0,0,0.013333333,0,0,0,0,0,0,0,0,0,0,0,0,0,0,0,0.006666667,0,0.026666667,0,0,0.02,0,0,0,0.013333333,0,0,0,0.013333333,0,0,0,0,0.013333333,0.006666667,0,0,0,0,0,0,0,0,0,0,0,0,0,0,0,0,0,0,0,0.026666667,0,0,0,0,0,0,0,0,0,0,0,0,0,0,0,0,0,0,0.006666667,0,0,0,0,0,0,0.006666667,0,0,0,0,0,0,0,0,0,0,0,0,0
104,m9074,104,4,9,0.023529412,0,0,0.011764706,0.011764706,0,0,0,0,0,0.005882353,0,0,0,0.005882353,0,0,0,0,0,0,0,0,0,0.005882353,0,0,0,0,0,0.011764706,0,0,0,0,0,0,0,0,0,0.017647059,0,0,0,0,0,0,0,0,0,0.005882353,0.005882353,0,0,0.005882353,0,0,0,0,0,0,0,0,0,0,0,0,0,0,0,0.005882353,0,0,0,0,0,0,0,0,0.011764706,0.005882353,0,0,0,0.011764706,0,0,0.047058824,0,0,0,0,0,0,0,0,0,0,0,0,0,0.005882353,0,0,0,0,0,0,0,0,0,0,0,0,0,0,0,0.029411765,0,0.005882353,0,0,0,0,0,0,0,0,0,0,0,0,0,0,0.005882353,0,0,0,0,0.011764706,0,0.005882353,0,0,0,0,0.005882353,0.005882353,0,0.005882353,0,0,0,0,0,0,0,0,0,0,0,0,0,0,0,0.005882353,0,0,0.005882353,0,0,0,0,0.011764706,0,0,0,0,0,0,0.005882353,0,0,0,0,0,0,0,0,0.005882353,0.005882353,0,0,0
105,m9301,105,17,8,0.033333333,0,0,0,0,0,0,0,0,0,0,0,0,0,0,0,0,0,0,0,0,0,0,0,0,0,0,0,0,0,0,0,0,0,0,0,0,0,0,0,0,0,0,0,0,0,0,0,0,0,0,0,0,0,0,0,0,0,0,0,0,0,0,0,0,0,0,0,0,0,0,0,0,0,0,0,0,0,0,0,0,0,0,0,0,0,0,0.033333333,0,0,0,0,0,0,0,0,0,0,0,0,0,0,0,0,0,0,0,0,0,0,0,0,0,0,0,0,0,0.016666667,0,0,0,0,0,0,0,0,0,0,0,0,0,0,0,0,0,0,0,0,0,0,0,0,0,0,0,0,0,0,0,0,0,0,0,0,0,0,0,0,0,0,0,0,0,0,0,0,0,0,0,0,0,0,0,0,0,0,0,0,0,0,0,0,0,0,0,0,0,0,0,0,0,0,0,0
106,m9505,106,21,467,0.01030303,0,0,0.007474747,0.001414141,0.00020202,0.000606061,0.002626263,0.00020202,0.002424242,0.00040404,0.00020202,0.00020202,0,0,0.000808081,0.00040404,0,0,0.00020202,0.001616162,0.001818182,0,0.00020202,0.00020202,0.00040404,0,0.00020202,0.001212121,0.00040404,0.00040404,0,0,0,0.00020202,0.00020202,0,0.00040404,0,0.001414141,0.002828283,0.00020202,0,0.001010101,0,0,0,0.00020202,0.00020202,0.003636364,0,0.000606061,0.000606061,0.003434343,0.002222222,0.00020202,0.00040404,0,0.00020202,0,0.001010101,0.002020202,0,0.00040404,0,0,0.00020202,0,0,0,0.000606061,0.00020202,0,0,0.005454545,0.00020202,0.003434343,0.00020202,0,0.000606061,0,0,0,0.00040404,0.002222222,0,0.001414141,0.025454545,0.001616162,0.002424242,0,0,0,0,0.00020202,0.00020202,0.00020202,0.00040404,0.001616162,0.004040404,0,0.00020202,0.00020202,0.00020202,0.00020202,0.000606061,0,0.00040404,0,0.00020202,0,0,0,0.001212121,0,0.004040404,0.00020202,0.013535354,0.002020202,0.002828283,0.004646465,0.00040404,0.001010101,0.00020202,0.000808081,0.00020202,0.003636364,0.001010101,0.004040404,0,0,0.00020202,0.00040404,0.004242424,0.000808081,0.00040404,0.00020202,0.00020202,0.00020202,0.007878788,0.002626263,0.00020202,0.00020202,0,0,0.00040404,0.00020202,0,0.00040404,0.001414141,0,0.00020202,0,0,0.002424242,0,0.001212121,0.005454545,0.000606061,0.00020202,0.00040404,0,0,0,0.00020202,0.00020202,0,0.00040404,0,0,0.002222222,0,0,0.002222222,0.00040404,0.002222222,0,0.000808081,0.001212121,0.00040404,0,0.00020202,0.00020202,0,0,0.000808081,0,0.001414141,0.001414141,0,0.002626263,0.000808081,0.00020202,0
107,m9525,107,4,17,0.010869565,0.003623188,0,0.003623188,0,0,0,0,0,0,0,0,0,0,0,0,0.007246377,0,0,0,0,0,0,0,0,0,0,0,0,0,0,0,0,0,0.003623188,0,0,0,0,0,0.007246377,0,0,0,0,0,0,0,0,0.003623188,0,0,0,0,0,0,0,0,0,0,0,0,0,0,0,0,0,0,0,0,0,0,0,0,0,0,0,0,0,0,0,0,0,0,0,0,0,0.007246377,0,0,0,0,0,0,0,0,0,0.007246377,0,0,0,0,0,0,0,0,0,0,0,0,0,0,0,0,0,0,0,0.010869565,0,0,0,0,0,0,0,0,0.007246377,0,0,0,0,0,0,0,0,0,0,0,0,0,0,0,0,0,0,0,0,0,0,0,0,0,0,0,0,0,0,0,0.007246377,0,0,0,0,0,0,0,0,0,0,0,0,0,0,0,0,0,0,0,0,0,0,0,0,0,0,0,0,0,0.018115942,0,0,0,0,0
108,m9741,108,14,3,0,0,0,0,0,0,0,0,0,0,0,0,0,0,0,0,0,0,0,0,0,0,0,0,0,0,0,0,0,0,0,0,0,0,0,0,0,0,0,0,0,0,0,0,0,0,0,0,0,0,0,0,0,0,0,0,0,0,0,0,0,0,0,0,0,0,0,0,0,0,0,0,0,0,0,0,0,0,0,0,0,0,0,0,0,0,0,0,0,0,0,0,0,0,0,0,0,0,0,0,0,0,0,0,0,0,0,0,0,0,0,0,0,0,0,0,0,0,0,0,0,0,0,0,0,0,0,0,0,0,0,0,0,0,0,0,0,0,0,0,0,0,0,0,0,0,0,0,0,0,0,0,0,0,0,0,0,0,0,0,0,0,0,0,0,0,0,0,0,0,0,0,0,0,0,0,0,0,0,0,0,0,0,0,0,0,0,0,0,0,0,0,0,0
109,m9751,109,14,5,0,0,0,0,0,0,0,0,0,0,0,0,0,0,0,0,0,0,0,0,0,0,0,0,0,0,0,0,0,0,0,0,0,0,0,0,0,0,0,0,0,0,0,0,0,0,0,0,0,0,0,0,0,0,0,0.041666667,0,0,0,0,0,0,0,0,0,0,0.041666667,0,0,0,0,0.041666667,0,0,0,0,0.041666667,0,0,0,0,0,0,0,0,0,0,0,0,0,0,0,0,0,0,0,0,0,0,0.041666667,0,0,0,0,0,0,0,0,0,0,0,0,0,0,0,0,0,0,0,0,0.041666667,0,0,0,0,0,0,0,0.041666667,0,0,0,0,0,0,0,0,0,0,0,0,0,0,0,0,0,0,0,0,0,0,0,0,0,0,0,0,0,0,0,0,0,0,0,0,0,0,0,0,0,0,0,0,0,0,0,0,0,0,0,0,0,0,0,0,0,0,0,0,0,0,0,0,0
110,m9886,110,9,60,0.000807754,0,0,0.000807754,0.062197092,0,0,0.003231018,0,0,0.001615509,0,0,0,0.003231018,0.000807754,0,0,0,0,0,0.003231018,0,0,0,0,0,0,0,0,0.003231018,0,0,0.000807754,0,0,0,0,0,0.023424879,0.000807754,0,0,0,0,0,0,0,0,0,0,0,0,0,0,0,0,0,0,0,0.000807754,0,0,0,0,0,0,0,0,0,0,0,0,0,0,0,0,0,0,0,0,0,0,0,0.010500808,0,0,0,0,0,0,0,0,0,0,0,0,0,0,0,0.000807754,0.001615509,0,0,0,0,0,0,0,0,0,0,0,0,0,0.000807754,0,0,0,0,0,0,0.002423263,0,0,0,0,0,0,0.003231018,0,0,0,0,0.001615509,0,0,0,0,0,0,0,0,0,0,0,0,0.003231018,0,0,0,0,0,0,0,0,0,0,0,0,0,0,0,0,0,0,0,0,0.003231018,0,0,0,0,0,0,0.002423263,0,0,0.010500808,0,0,0,0,0,0,0,0,0,0,0.003231018,0,0,0.003231018,0
111,m9928,111,14,5,0,0,0,0,0,0,0,0,0,0,0,0,0,0,0,0,0,0,0,0,0,0,0,0,0,0,0,0,0,0,0,0,0,0,0,0,0,0,0,0,0,0,0,0,0,0,0,0,0,0,0,0,0,0,0,0,0,0,0,0,0,0,0,0,0,0,0,0,0,0,0,0,0,0,0,0,0,0,0,0,0,0,0,0,0,0,0,0,0,0,0,0,0,0,0,0,0,0,0,0,0,0,0,0,0,0,0,0,0,0,0,0,0,0,0,0,0,0,0,0,0,0,0,0,0,0,0,0,0,0,0,0,0,0,0,0,0,0,0,0,0,0,0,0,0,0,0,0,0,0,0,0,0,0,0,0,0,0,0,0,0,0,0,0,0,0,0,0,0,0,0,0,0,0,0,0,0,0,0,0,0,0,0,0,0,0,0,0,0,0,0,0,0,0
112,m9968,112,13,4,0,0,0,0.015625,0,0,0,0,0,0,0,0,0,0,0,0,0,0,0,0,0,0,0,0,0.015625,0,0,0,0,0,0,0,0,0,0,0,0,0,0,0,0.015625,0,0,0,0,0,0,0,0,0.046875,0,0,0,0,0,0,0,0,0,0,0,0,0,0,0,0,0,0,0,0,0,0,0,0,0,0,0,0,0,0,0,0,0,0,0,0,0,0.015625,0.015625,0,0,0,0,0,0,0,0,0,0,0,0,0,0,0,0,0,0,0,0,0,0,0,0,0,0,0,0,0,0,0,0,0,0,0,0,0,0.03125,0,0,0,0,0,0,0,0,0,0,0,0,0,0,0,0,0,0,0,0,0,0,0,0,0,0,0,0,0,0,0,0,0,0,0,0,0,0,0,0,0,0,0,0,0,0,0,0,0.015625,0,0,0,0,0,0,0,0,0,0,0,0,0,0,0,0,0,0
113,m9984,113,18,244,0.012672176,0.001101928,0,0.011570248,0.004407713,0,0.004958678,0,0.003856749,0.007162534,0.000550964,0.000550964,0,0,0.000550964,0.000550964,0,0,0.001101928,0,0.001101928,0,0,0,0.000550964,0,0.000550964,0.000550964,0.002203857,0.000550964,0.004407713,0,0,0,0,0,0,0,0,0.007162534,0.008264463,0,0,0.002203857,0.000550964,0,0,0,0,0.001652893,0,0.001101928,0,0.002754821,0.003305785,0.000550964,0.002754821,0,0.000550964,0,0.001652893,0.002203857,0.001652893,0.003305785,0.001652893,0,0.000550964,0,0,0,0,0.000550964,0,0,0.003305785,0,0.003856749,0.002754821,0,0.001652893,0.001101928,0,0,0.000550964,0.003305785,0,0.002203857,0.031404959,0.007162534,0.007713499,0,0,0,0,0,0,0.001101928,0,0,0.002754821,0,0,0,0,0,0.000550964,0,0,0,0,0.000550964,0,0,0.001652893,0,0.00661157,0,0.008264463,0.000550964,0.003305785,0.003856749,0,0.000550964,0,0.003856749,0,0.001652893,0,0.003305785,0,0,0,0,0.002203857,0.000550964,0.000550964,0,0,0,0.008815427,0.005509642,0.000550964,0.001101928,0,0,0,0.000550964,0.000550964,0,0.006060606,0.001101928,0,0,0,0,0,0,0.002203857,0.000550964,0,0.001652893,0,0.000550964,0,0,0.000550964,0,0,0.002754821,0,0.003305785,0.000550964,0,0.008264463,0,0.002203857,0,0,0.001101928,0.001652893,0.000550964,0,0,0,0,0.002203857,0,0,0,0.000550964,0.003856749,0.001652893,0,0
